model,protocol,setting,condition,n_seeds,seeds,size_MiB,coco_mean,lvis_mean,apr_mean,apc_mean,apf_mean,lvis_flip_mean,lvis_lost_mean,heval_ap_mean,heval_flip_mean,top1_mean,lost_mean,coco_sd,lvis_sd,apr_sd,apc_sd,apf_sd,lvis_flip_sd,lvis_lost_sd,heval_ap_sd,heval_flip_sd,top1_sd,lost_sd,dLVIS_vs_brecq,dLVIS_ci,dFlip_vs_brecq,dFlip_ci,collapse_seeds,sources
yolov8s-world,"head 제외 · iter 20000, 비결정적",W8A8,naive,1,0,,36.68,25.56,17.66,24.32,28.08,3.8,902.0,34.04,5.34,0.59,272.0,,,,,,,,,,,,0.14000000000000057,,1.0799999999999996,,,runs/93_iters_recheck
yolov8s-world,"head 제외 · iter 20000, 비결정적",W8A8,brecq,1,0,,36.76,25.419999999999998,17.849999999999998,23.91,28.110000000000003,2.72,630.0,33.93,3.51,0.33,155.0,,,,,,,,,,,,,,,,,runs/93_iters_recheck
yolov8s-world,head 제외 · 비결정적,W8A8,naive,6,0 1 2 3 4 5,,36.61666666666667,25.53666666666667,17.77166666666667,24.381666666666668,27.961666666666666,4.466666666666667,985.3333333333334,37.41,5.945,0.6666666666666666,291.1666666666667,0.042739521132865645,0.07061633427661482,0.39250053078520364,0.10048217088950043,0.0773089041874655,0.37173467240313585,64.22356784441882,4.002814010168347,0.6077417214573967,0.043665394383500825,12.765839833973583,-0.06166666666666565,0.12514841159599202,1.8616666666666668,0.46541097035308493,,runs/98_ada_mseobs_6seed
yolov8s-world,head 제외 · 비결정적,W8A8,brecq,6,0 1 2 3 4 5,,36.755,25.598333333333333,17.926666666666666,24.191666666666666,28.23,2.605,605.6666666666666,37.5,3.705,0.345,166.5,0.027386127875257786,0.07678975626127847,0.22294991963817004,0.13629624597422504,0.07771743691090041,0.10931605554537724,29.971097188235646,4.015335602412331,0.4355571145096816,0.01516575088810309,12.373358476985947,,,,,,runs/98_ada_mseobs_6seed
yolov8s-world,head 제외 · 비결정적,W8A8,combined(s1=none),6,0 1 2 3 4 5,,36.645,25.72833333333333,17.398333333333333,24.46,28.351666666666667,2.9516666666666667,660.1666666666666,37.41166666666667,5.681666666666667,0.5266666666666666,242.16666666666666,0.03209361307176113,0.11214573851318037,0.21701766441160159,0.2525866188063019,0.02401388487243658,0.06997618642557386,23.395868581154808,4.090341876502094,0.5722382953513916,0.027325202042558918,10.028293307770104,0.129999999999999,0.05974464109859513,0.3466666666666666,0.10446967090979097,,runs/98_ada_mseobs_6seed
yolov8s-world,head 제외 · 비결정적,W8A8,adaround(minmax),6,0 1 2 3 4 5,,36.64833333333333,25.76666666666667,17.48,24.418333333333333,28.450000000000003,2.8133333333333335,638.6666666666666,37.39333333333333,5.141666666666667,0.4716666666666667,234.5,0.04308905506815772,0.07580677190506686,0.12377398757412585,0.190936289548809,0.0565685424949236,0.07257180352359084,26.348940522659856,4.064439280720855,0.700697271770532,0.016020819787597212,7.63544366752843,0.16833333333333536,0.1260256308256391,0.20833333333333326,0.11676919835727247,,runs/97_ada_iters2000_6seed
yolov8s-world,head 제외 · 비결정적,W8A8,qdrop,6,0 1 2 3 4 5,,36.806666666666665,25.563333333333333,17.735,24.248333333333335,28.14,2.8666666666666667,642.1666666666666,37.52166666666667,4.09,0.39666666666666667,180.16666666666666,0.03881580434135863,0.06282250127674442,0.21906620004007926,0.14204459393678726,0.058991524815009605,0.11570076346622203,13.121229617176382,3.9921543891320965,0.3830404678359718,0.01032795558988644,7.413950813612582,-0.034999999999998956,0.09263928197584487,0.26166666666666655,0.1890942874996493,,runs/98_ada_mseobs_6seed
yolov8s-world,head 제외 · 비결정적,W8A8,combined(s1=brecq),6,0 1 2 3 4 5,,36.46,25.31,17.813333333333333,23.596666666666668,28.178333333333335,5.281666666666666,984.5,37.25833333333333,9.673333333333334,0.7033333333333334,339.5,0.09186947262284602,0.1600000000000002,0.18843212748007337,0.3158269568397642,0.07167054253085171,0.13556056457047785,34.98428218500417,4.129026116006857,1.2126280001165513,0.028751811537130405,7.092249290598858,-0.28833333333333283,0.2022683404416031,2.6766666666666667,0.09496859333484955,,runs/79_brecq_stage1_confirmed
yolov8s-world,head 제외 · 비결정적,W8A8,adaround(mse),6,0 1 2 3 4 5,,36.75666666666667,25.418333333333333,17.748333333333335,24.071666666666665,27.993333333333332,3.6033333333333335,824.0,37.55,4.566666666666666,0.45,210.16666666666666,0.04966554808583755,0.0719490560512545,0.23472679154000806,0.14330619898199334,0.04802776974487627,0.3884670728217086,100.96335969053328,3.9357642205802925,0.7746655192188862,0.03898717737923585,18.19248929274569,-0.17999999999999913,0.11593281114507571,0.9983333333333332,0.40030707596169224,,runs/98_ada_mseobs_6seed
yolov8m-world,conv만 (09-30),W4A8,brecq+P,1,0,13.83,34.29,24.42,18.6,21.39,28.16,28.83,5121.0,30.89,22.1,3.46,1511.0,,,,,,,,,,,,1.0100000000000016,,-6.1200000000000045,,,runs/151_gen
yolov8m-world,conv만 (09-30),W4A8,brecq+M,1,0,13.61,35.22,19.580000000000002,14.16,16.82,23.0,47.51,8940.0,32.12,41.42,11.67,4236.0,,,,,,,,,,,,-3.8299999999999983,,12.559999999999995,,,runs/151_gen
yolov8m-world,conv만 (09-30),W4A8,brecq+PM,2,0 1,13.83,28.485,16.425,8.870000000000001,14.175,19.775,45.42,8747.0,25.369999999999997,41.93,10.280000000000001,3844.5,9.736860376938756,6.130615792887368,6.08111831820431,5.579072503561861,6.625590539717951,0.43840620433565763,397.39401102683973,8.852976900455575,3.196122650963192,0.3252691193458112,221.32442251138937,-0.4349999999999996,28.14378999999998,9.449999999999996,9.02126000000001,,runs/151_gen
yolov8m-world,conv만 (09-30),W4A8,naive,2,0 1,13.61,7.025,4.125,2.3150000000000004,3.8449999999999998,4.7,84.655,20532.0,5.385,78.56,51.739999999999995,17878.0,0.5161879502661794,0.7141778489984129,0.19091883092036785,0.7141778489984129,0.8202438661763952,0.37476659402887097,49.49747468305833,1.0394469683442247,3.012274887854686,0.2687005768508899,125.86500705120545,-12.735000000000001,76.80777,48.685,16.32721,,runs/151_gen
yolov8m-world,conv만 (09-30),W4A8,brecq,2,0 1,13.61,29.625,16.86,12.09,14.57,19.755,35.97,7313.5,26.415,31.26,5.779999999999999,2451.0,8.803479425772519,9.263098833543772,9.20653029104885,9.022682527940347,9.496444071335333,1.4424978336205563,297.6919548795365,9.298454172603101,5.119453095790606,0.08485281374238578,36.76955262170047,,,,,,runs/151_gen
yolov8m-world,conv만 (09-30),W4A8,brecq+G,2,0 1,13.61,29.625,15.91,10.975,13.82,18.655,34.385000000000005,7728.0,25.365000000000002,30.0,4.1899999999999995,1912.5,0.8131727983645286,0.41012193308819633,0.38890872965260165,0.3394112549695431,0.4879036790187162,1.308147545195114,281.4284989122459,0.26162950903902327,7.000357133746822,0.14142135623730964,9.192388155425117,-0.9500000000000002,86.90903999999999,-1.5850000000000009,1.2070699999999854,,runs/151_gen
yolov8m-world,conv만 (09-30),W4A8,brecq+GPM,2,0 1,13.61,22.735,12.83,8.075,10.84,15.445,43.015,8774.5,19.04,42.16,8.905000000000001,3487.5,4.5466966030295,1.8243354954612914,4.320422433049805,1.5273506473629428,1.6334166645409265,0.10606601717798615,156.27059864222701,4.143645737753168,4.9214631970583715,0.03535533905932662,9.192388155425117,-4.03,99.61503999999996,7.044999999999998,12.007169999999956,,runs/151_gen
yolov8m-world,conv만 (09-30),W4A6,brecq+G,2,0 1,13.61,28.28,13.985,9.875,11.645,16.794999999999998,38.885000000000005,8800.0,23.935000000000002,33.64,5.52,2482.5,0.4101219330881989,1.053589103967956,0.007071067811865324,1.6617009357883865,0.7141778489984116,0.8980256121069176,328.09754647055803,0.021213203435594716,6.759940828143396,0.16970562748477092,133.64318164425748,-2.4250000000000007,58.00288999999999,-5.465,21.917849999999973,,runs/151_gen
yolov8m-world,conv만 (09-30),W4A6,brecq+GPM,2,0 1,13.61,18.27,12.235,8.77,10.355,14.520000000000001,59.099999999999994,11828.5,15.305,58.515,29.945,10221.0,1.7253405460951743,0.14849242404917432,1.5273506473629428,0.27577164466275267,0.3394112549695431,0.5374011537017747,301.9345955666558,3.1607673119038666,0.02121320343559723,0.1484924240491756,73.53910524340094,-4.174999999999999,68.80298999999998,14.749999999999996,34.814439999999976,,runs/151_gen
yolov8m-world,conv만 (09-30),W4A6,brecq+P,1,0,13.83,36.31,23.65,18.060000000000002,21.16,26.86,34.72,6938.0,33.25,27.34,5.0,2110.0,,,,,,,,,,,,1.9299999999999997,,-7.270000000000003,,,runs/151_gen
yolov8m-world,conv만 (09-30),W4A6,brecq+M,1,0,13.61,24.18,14.49,10.05,12.94,16.66,60.82,13937.0,20.43,56.94,30.38,11176.0,,,,,,,,,,,,-7.229999999999999,,18.83,,,runs/151_gen
yolov8m-world,conv만 (09-30),W4A6,brecq+PM,2,0 1,13.83,20.545,13.169999999999998,9.445,11.265,15.52,59.775000000000006,11815.5,17.16,58.05,29.700000000000003,10175.0,3.7688791437242997,3.167838379715732,3.4294678887547554,3.245620125646253,3.0405591591021524,0.7000357133746835,434.8706704297267,1.753624817342637,1.9657568516986028,0.21213203435596475,148.49242404917499,-3.24,39.00742,15.425,23.696689999999975,,runs/151_gen
yolov8m-world,conv만 (09-30),W4A6,naive,2,0 1,13.61,3.725,2.3899999999999997,1.0150000000000001,2.24,2.775,88.65,21021.5,2.84,84.56,58.91,20186.5,1.3788582233137678,0.9899494936611665,1.0818733752154177,1.0465180361560904,0.926309883354377,0.7919595949289264,154.8563850798539,0.36769552621700474,3.5213917703090094,2.5455844122715723,675.2869760331529,-14.02,58.57465999999999,44.3,22.870800000000052,,runs/151_gen
yolov8m-world,conv만 (09-30),W4A6,brecq,2,0 1,13.61,30.049999999999997,16.41,11.035,14.540000000000001,19.03,44.35,10186.0,26.395,39.38,8.655000000000001,3717.0,6.703372285648471,7.509474016201134,6.993286065934956,7.311484117468901,7.77817459305202,3.3375440072005036,1169.5546160825495,7.304413049657034,6.915504320004436,0.5727564927611039,254.55844122715712,,,,,,runs/151_gen
yolov8s-world,conv만 (09-30),W4A5,qdrop,6,0 1 2 3 4 5,6.14,23.315,15.343333333333334,12.161666666666667,13.736666666666666,17.34,43.983333333333334,8955.0,23.541666666666668,47.49166666666667,16.595,5745.333333333333,1.2796054079285542,1.2917997780874046,1.8880616162261943,1.4899082745815821,1.0678389391663892,3.0050867985245717,525.4236386003203,4.376511929227049,2.810205805037536,1.2846439195356827,407.19168295370014,-4.2333333333333325,1.2473928661091511,15.515,2.613167823275995,,runs/147_main runs/151_gen
yolov8s-world,conv만 (09-30),W4A5,qdrop+PM,6,0 1 2 3 4 5,6.22,31.869999999999997,21.261666666666667,17.156666666666666,19.453333333333333,23.599999999999998,24.064999999999998,5113.833333333333,32.52333333333333,30.815,5.965,2325.8333333333335,0.1908926399838399,0.21217131442932338,0.6452183093083038,0.39998333298609723,0.14463747785411568,0.24744696401451355,58.21139636417139,3.647320477647482,1.911698197938158,0.09481561052906844,47.89745991873334,1.6849999999999994,0.26401303442254503,-4.403333333333333,0.7082989643646237,,runs/147_main runs/151_gen
yolov8s-world,conv만 (09-30),W4A5,brecq+G,6,0 1 2 3 4 5,6.14,31.133333333333333,21.205,16.03,19.331666666666667,23.801666666666666,23.306666666666665,5071.0,31.671666666666667,31.853333333333335,7.005,2784.1666666666665,0.23131508093219258,0.19159853861655662,0.8843302550518111,0.27938623206354896,0.19456789731779262,0.5070568672907071,78.6968868507516,3.8881327995152977,2.1446367213741975,0.30356218473321067,114.74914669254262,1.6283333333333327,0.2572213796810056,-5.161666666666666,1.1861836655783948,,runs/147_main
yolov8s-world,conv만 (09-30),W4A5,brecq+GM,6,0 1 2 3 4 5,6.14,32.07333333333333,21.855,17.191666666666666,19.983333333333334,24.356666666666666,21.375,4721.5,32.80166666666667,29.376666666666665,5.56,2242.0,0.19438792829460116,0.13352902306240383,0.9812118357758776,0.25989741565984553,0.1977540560056024,0.3556262082580527,94.43039764821495,3.914125274779368,2.0702044987552966,0.16087262041752173,78.06407624509497,2.278333333333333,0.15302910300004927,-7.093333333333333,0.6179558342308943,,runs/147_main
yolov8s-world,conv만 (09-30),W4A5,brecq+GPM,6,0 1 2 3 4 5,6.16,32.843333333333334,22.275,16.735,20.606666666666666,24.756666666666668,19.689999999999998,4298.666666666667,33.446666666666665,27.386666666666667,4.77,1926.6666666666667,0.07284687135812191,0.27486360253769604,0.33128537546954856,0.6452493058242429,0.052025634707003984,0.1920416621465243,82.026012134363,3.8527167903528374,1.92961826967581,0.11135528725660061,38.437828589381404,2.6983333333333337,0.3789888107649097,-8.778333333333334,0.7116119509711737,,runs/147_main
yolov8s-world,conv만 (09-30),W4A5,brecq+M,6,0 1 2 3 4 5,6.14,29.54,19.225,15.561666666666666,17.578333333333333,21.341666666666665,30.45,6500.166666666667,30.23,36.545,8.705,3398.8333333333335,0.5680845007567096,0.2868971941305795,0.7190108946787002,0.40740234003582604,0.39886923504660854,1.504898667684971,310.8410633533907,4.037444736463893,1.8078135965856637,0.7821700582354197,306.3823863518702,-0.3516666666666672,0.48488708595403857,1.9816666666666667,1.8781023506840635,,runs/147_main
yolov8s-world,conv만 (09-30),W4A5,brecq+P,6,0 1 2 3 4 5,6.22,31.41166666666667,20.791666666666668,15.69,18.935,23.356666666666666,24.543333333333333,5303.833333333333,32.053333333333335,32.42333333333333,6.721666666666667,2715.8333333333335,0.22955754543614282,0.20232811635229228,0.8039900496896714,0.17784824992110465,0.2845815641721477,0.597014796019887,175.8344865680981,3.7326755372877876,2.0980340003600193,0.2559231655529971,102.58931068423584,1.2150000000000005,0.12590902138051815,-3.9249999999999994,0.2769648457927455,,runs/147_main
yolov8s-world,conv만 (09-30),W4A5,naive,6,0 1 2 3 4 5,6.14,0.060000000000000005,0.23666666666666666,0.095,0.12166666666666666,0.36666666666666664,94.97666666666666,19939.666666666668,0.04,94.55166666666666,81.15166666666667,25567.0,0.012649110640673518,0.033266599866332396,0.0896102672688794,0.02714160398109637,0.07118052168020873,0.20046612348889897,34.40736355297608,0.02280350850198276,1.9855821984160373,1.1525869453827162,237.95797948377356,-19.34,0.18681813744923126,66.50833333333334,0.7041729688826476,,runs/147_main
yolov8s-world,conv만 (09-30),W4A5,brecq,6,0 1 2 3 4 5,6.14,29.901666666666667,19.576666666666668,14.776666666666667,17.733333333333334,22.071666666666665,28.468333333333334,6234.0,30.478333333333335,36.138333333333335,8.568333333333333,3372.1666666666665,0.1893585663936717,0.18747444270264313,0.941735985649198,0.17119190011991336,0.29026998926286973,0.6783337428336187,122.9015866455759,3.7063481577783093,2.1576970748153372,0.26362220442646056,90.9932231908875,,,,,,runs/147_main
yolov8s-world,conv만 (09-30),W4A5,brecq+PM,6,0 1 2 3 4 5,6.22,32.254999999999995,22.026666666666667,16.266666666666666,20.451666666666668,24.456666666666667,20.96666666666667,4574.0,32.91166666666667,28.093333333333334,5.17,2123.3333333333335,0.16158589047314764,0.18586733620156776,0.7083690187089408,0.46696538058689835,0.10595596569644639,0.354720547285701,70.58328414008518,3.8511266749701525,1.7841375133847357,0.13999999999999985,70.26141662866375,2.4500000000000006,0.17285076025288323,-7.501666666666666,0.5911591963464665,,runs/147_main
yolov8s-world,conv만 (09-30),W8A8,adaround(mse),6,0 1 2 3 4 5,12.08,36.583333333333336,25.346666666666668,18.163333333333334,24.01,27.828333333333333,4.661666666666667,1042.1666666666667,37.29,6.766666666666667,0.555,267.8333333333333,0.11165422816296237,0.13662601021279355,0.3306155874526584,0.28996551519103136,0.022286019533927632,0.17232720814388738,47.29235315213937,3.86554006576054,0.948149074073622,0.020736441353327695,8.79583234643923,-0.10499999999999925,0.2397839443436525,1.1683333333333334,0.7063286692220558,,runs/151_gen
yolov8s-world,conv만 (09-30),W8A8,qdrop,6,0 1 2 3 4 5,12.08,36.611666666666665,25.346666666666668,17.965,23.828333333333333,28.02166666666667,3.91,858.5,37.4,6.423333333333334,0.49,233.33333333333334,0.10186592495366896,0.11690451944500235,0.28752391204906796,0.17382941830043264,0.09410986487434127,0.11679041056525145,25.97498796919837,3.9629938178099655,0.9348939333778279,0.020000000000000018,11.535452599125302,-0.10499999999999983,0.16148254315869712,0.4166666666666667,0.7218260244546467,,runs/151_gen
yolov8s-world,conv만 (09-30),W8A8,qdrop+M,6,0 1 2 3 4 5,12.08,36.748333333333335,25.71,17.971666666666668,24.46,28.211666666666666,2.6083333333333334,584.5,37.485,4.171666666666667,0.33666666666666667,149.33333333333334,0.03188521078284955,0.07771743691090197,0.21720190299964387,0.14953260514014985,0.05879342366852533,0.12155931336868704,28.64087987475245,3.9802148183232515,0.46559281208655556,0.01632993161855451,8.801515021101007,0.2583333333333317,0.2525534070350257,-0.8849999999999999,0.7208511217616299,,runs/151_gen
yolov8s-world,conv만 (09-30),W8A8,brecq,6,0 1 2 3 4 5,,36.43833333333333,25.451666666666668,18.03333333333333,24.02,28.053333333333335,3.493333333333333,769.6666666666666,37.108333333333334,5.796666666666667,0.42166666666666663,201.66666666666666,0.2923297225166583,0.1769086393217308,0.33188351370121966,0.36122015447646233,0.11961047891663348,0.6310203377599384,132.00101009714535,3.71743684097883,1.612273756738187,0.08328665359267753,41.769207158703246,,,,,,runs/140_promptcal_stack runs/147_main
yolov8s-world,conv만 (09-30),W8A8,naive,6,0 1 2 3 4 5,,36.36,25.39666666666667,17.706666666666667,24.24,27.803333333333335,5.386666666666667,1196.8333333333333,37.05833333333334,7.94,0.74,332.1666666666667,0.11747340124470729,0.1443144714388231,0.29439202887759564,0.3297878105691589,0.06282250127674462,0.14165686240583863,35.30675100694861,3.967968833882982,0.8814079645657849,0.015491933384829681,12.937026963976951,-0.055000000000000306,0.1953226901949688,1.8933333333333333,0.6376103037592791,,runs/122_stage1_match_headquant runs/147_main
yolov8s-world,conv만 (09-30),W8A8,combined(s1=brecq),6,0 1 2 3 4 5,,36.705,25.583333333333332,17.971666666666668,24.08,28.284999999999997,3.2583333333333333,642.8333333333334,37.48166666666667,6.211666666666667,0.42666666666666664,212.66666666666666,0.05924525297439422,0.18062853226073197,0.2457166389699046,0.3269862382425291,0.09481561052906823,0.5893527523195821,87.19957950968953,3.9517004778533846,1.5651890194691078,0.03614784456460255,38.44303144481021,0.13166666666666474,0.1533167970086762,-0.23500000000000001,0.14341633186286698,,runs/122_stage1_match_headquant runs/140_promptcal_stack
yolov8s-world,conv만 (09-30),W8A8,combined_m(s1=brecq),6,0 1 2 3 4 5,,36.666666666666664,25.4,17.808333333333334,23.661666666666665,28.308333333333334,3.795,697.1666666666666,37.49333333333333,7.22,0.49,249.83333333333334,0.03614784456460375,0.15569200364822705,0.2632426004024932,0.30544503051558475,0.038686776379877455,0.2048169914826404,24.539084470832783,4.070762418351955,0.8185597107114423,0.051768716422179124,18.486932321687842,-0.051666666666668824,0.33320111507166067,0.3016666666666667,0.6828870479845114,,runs/122_stage1_match_headquant
yolov8s-world,conv만 (09-30),W8A8,brecq_vm,2,0 1,,36.775,25.365000000000002,17.775000000000002,23.839999999999996,28.090000000000003,3.88,818.5,33.105000000000004,6.0600000000000005,0.45,227.0,0.06363961030679169,0.13435028842544494,0.30405591591021525,0.3394112549695431,0.02828427124746381,0.12727922061357866,33.23401871576773,1.308147545195114,0.6363961030678924,0.0,15.556349186104045,-0.254999999999999,0.6988299999999963,1.2000000000000002,1.0164800000000007,,runs/125_vm_w8a8 runs/127_vm_w8a8_seed1
yolov8s-world,conv만 (09-30),W8A8,adaround(minmax),2,0 1,,33.415,22.964999999999996,16.065,20.415,26.46,6.26,1294.0,29.715,10.155000000000001,0.87,406.0,0.035355339059325364,0.035355339059327875,0.23334523779156074,0.09192388155425299,0.11313708498985021,0.0707106781186545,31.11269837220809,0.9828784258493014,0.13435028842544366,0.0,12.727922061357855,-2.655000000000001,1.58825,3.58,0.7623599999999977,,runs/115_headquant
yolov8s-world,conv만 (09-30),W8A8,brecq+M,4,2 3 4 5,12.08,36.7875,25.662499999999998,17.755,24.330000000000002,28.2675,2.6125,563.0,39.792500000000004,4.1225000000000005,0.325,145.0,0.014999999999997016,0.07365459931328248,0.2494660965609029,0.11690451944500176,0.041129875597510676,0.1307351011269226,31.400636936215164,2.2911769173651044,0.5127296233558841,0.012909944487358068,7.393691004272945,0.29499999999999726,0.20354024753514008,-1.2875,0.27011881612542304,,runs/147_main
yolov8s-worldv2,conv만 (09-30),W4A6,naive,2,0 1,6.03,0.06,0.075,0.0,0.045,0.115,97.77000000000001,14446.0,0.02,92.8,75.875,25365.5,0.0282842712474619,0.007071067811865481,0.0,0.007071067811865476,0.021213203435596423,0.1414213562373115,18.384776310850235,0.0,1.7394826817189126,0.41719300090006545,126.572113832392,-14.810000000000002,4.828279999999999,48.230000000000004,1.3976599999999926,,runs/151_gen
yolov8s-worldv2,conv만 (09-30),W4A6,brecq,2,0 1,6.03,30.25,14.885000000000002,12.945,12.415,17.42,49.54,8167.5,27.439999999999998,34.91,5.925,2889.5,0.2969848480983512,0.5303300858899106,2.3970919882223964,0.51618795026618,0.21213203435596475,0.2969848480983512,159.0990257669732,1.1030865786510133,2.7577164466275343,0.4737615433949868,113.84419177103415,,,,,,runs/151_gen
yolov8s-worldv2,conv만 (09-30),W4A6,brecq+PM,2,0 1,6.12,33.925,20.990000000000002,15.08,19.104999999999997,23.725,33.620000000000005,4238.0,30.4,22.775,2.6500000000000004,1507.5,0.07778174593051983,0.3676955262170044,0.8343860018001259,0.5586143571373745,0.12020815280171429,2.050609665440987,103.23759005323593,1.3435028842544419,0.34648232278140717,0.07071067811865482,30.405591591021544,6.104999999999999,1.4611900000000029,-15.919999999999998,15.755439999999979,,runs/151_gen
yolov8s-worldv2,conv만 (09-30),W4A6,brecq+G,2,0 1,6.03,32.65,17.08,14.135000000000002,15.295000000000002,19.2,34.989999999999995,5763.0,29.015,26.085,3.855,2116.0,0.04242640687119446,0.21213203435596475,0.9687362902255695,0.19091883092036627,0.09899494936611705,0.028284271247461298,1.4142135623730951,1.0960155108391492,0.27577164466275395,0.0212132034355966,15.556349186104045,2.1949999999999985,6.670650000000004,-14.55,2.9223800000000058,,runs/151_gen
yolov8s-worldv2,conv만 (09-30),W4A6,brecq+GPM,2,0 1,6.04,33.745000000000005,20.299999999999997,16.935000000000002,18.625,22.395,27.39,4432.5,30.22,23.585,2.63,1575.5,0.049497474683058526,0.0848528137423864,1.0677312395916878,0.24748737341529264,0.19091883092037004,0.4808326112068521,28.991378028648448,1.1313708498984745,1.039446968344224,0.028284271247461926,37.476659402887016,5.414999999999997,5.527110000000006,-22.15,1.6517799999999871,,runs/151_gen
yolov8m-world,conv만 (09-30),W8A8,brecq+M,2,0 1,26.93,27.72,15.799999999999997,10.91,12.79,19.345000000000002,15.889999999999999,3087.5,23.23,13.879999999999999,0.745,627.0,0.9475230867899735,0.19798989873223286,0.8768124086713178,0.424264068711927,0.1767766952966369,0.4949747468305828,211.4249275747777,1.598061325481596,0.05656854249492385,0.06363961030678933,50.91168824543142,1.4849999999999977,8.195369999999993,-1.3450000000000024,18.86840999999999,,runs/151_gen
yolov8m-world,conv만 (09-30),W8A8,naive,2,0 1,26.93,32.34,21.96,15.68,19.67,25.115000000000002,15.274999999999999,2961.5,29.67,12.91,0.77,521.0,11.370277041479685,7.028641404994283,4.3699199077328625,7.410479066835017,7.177133829043459,0.6010407640085651,359.9173516239527,11.469271990845803,1.8384776310850246,0.07071067811865474,128.69343417595164,7.644999999999999,56.73229000000001,-1.9600000000000017,9.021259999999998,,runs/151_gen
yolov8m-world,conv만 (09-30),W8A8,brecq,2,0 1,26.93,25.335,14.315000000000001,9.454999999999998,11.54,17.655,17.235,3958.0,21.555,14.864999999999998,1.005,820.5,0.36062445840514035,0.7141778489984129,1.2657211383239206,1.2869343417595154,0.10606601717798113,1.6051323932934627,886.7119036079306,1.2798632739476525,2.0435385976291216,0.31819805153394637,239.7091988222396,,,,,,runs/151_gen
yolov8s-worldv2,conv만 (09-30),W8A8,naive,2,0 1,11.86,36.81,22.509999999999998,16.715,20.68,25.174999999999997,5.745,1071.5,33.085,6.98,0.5449999999999999,308.5,0.07071067811865575,0.3959797974644657,0.24748737341529264,0.6081118318204305,0.21920310216783384,1.4212846301849604,243.9518395093589,1.4495689014324205,0.4949747468305834,0.06363961030678926,9.192388155425117,0.08999999999999808,4.19298,2.64,12.324819999999995,,runs/151_gen
yolov8s-worldv2,conv만 (09-30),W8A8,brecq,2,0 1,11.86,37.07,22.42,17.02,20.465000000000003,25.125,3.105,614.0,33.29,4.075,0.255,169.0,0.014142135623728137,0.07071067811865575,0.3252691193458125,0.233345237791562,0.12020815280171178,0.049497474683058526,22.627416997969522,1.30107647738325,0.34648232278140845,0.007071067811865481,7.0710678118654755,,,,,,runs/151_gen
yolov8s-worldv2,conv만 (09-30),W8A8,brecq+M,2,0 1,11.86,37.115,23.06,16.505,21.0,26.075,7.965,1163.0,33.364999999999995,4.765000000000001,0.29500000000000004,176.5,0.035355339059325364,0.09899494936611705,0.6858935777509503,0.26870057685088733,0.09192388155425299,0.16263455967290624,73.53910524340094,1.407142494561231,0.31819805153394654,0.021213203435596406,13.435028842544403,0.639999999999997,1.5247200000000125,4.859999999999999,1.0164800000000007,,runs/151_gen
yolov8s-worldv2,conv만 (09-30),W4A8,naive,2,0 1,6.03,0.43,0.24,0.09999999999999999,0.12,0.375,95.47,14252.0,0.2,86.88499999999999,64.77000000000001,21402.0,0.0,0.0,0.056568542494923796,0.014142135623730952,0.007071067811865481,0.014142135623738186,12.727922061357855,0.07071067811865475,1.6475588001646546,0.09899494936611705,25.45584412271571,-15.415,0.06352999999998735,51.285,1.3341299999999152,,runs/151_gen
yolov8s-worldv2,conv만 (09-30),W4A8,brecq,2,0 1,6.03,32.075,15.655,12.760000000000002,13.350000000000001,18.225,44.185,6907.0,28.87,29.67,4.074999999999999,2069.0,0.02121320343559723,0.0070710678118640685,0.5798275605729705,0.0707106781186545,0.02121320343559723,0.16263455967290372,156.97770542341354,0.9899494936611656,2.7011479041326094,0.0919238815542511,5.656854249492381,,,,,,runs/151_gen
yolov8s-worldv2,conv만 (09-30),W4A8,brecq+PM,2,0 1,6.12,34.58,21.685,14.525,19.619999999999997,24.8,24.125,3278.0,30.975,19.43,2.085,1161.0,0.1414213562373115,0.4596194077712549,1.0818733752154186,0.6222539674441612,0.1979898987322341,2.5809397513308974,46.66904755831214,1.3647160876900366,0.014142135623730649,0.007071067811865324,5.656854249492381,6.029999999999999,4.065920000000003,-20.06,24.649639999999966,,runs/151_gen
yolov8s-worldv2,conv만 (09-30),W4A8,brecq+G,2,0 1,6.03,33.59,17.79,14.08,15.954999999999998,20.08,30.475,4925.5,29.814999999999998,21.48,2.72,1603.5,0.09899494936611203,0.18384776310850096,0.0,0.40305086527633105,0.014142135623730649,0.5444722215136413,54.44722215136416,1.2940054095713833,0.9758073580374373,0.028284271247461926,2.1213203435596424,2.135,1.7153099999999746,-13.709999999999999,3.430620000000017,,runs/151_gen
yolov8s-worldv2,conv만 (09-30),W4A8,brecq+GPM,2,0 1,6.04,34.45,21.195,15.625,19.295,23.875,19.134999999999998,3225.0,30.979999999999997,19.455,2.165,1262.0,0.09899494936611705,0.035355339059325364,0.45961940777125737,0.16263455967290624,0.00707106781186658,0.6717514421272196,15.556349186104045,1.4000714267493644,0.28991378028648457,0.049497474683058526,8.48528137423857,5.540000000000001,0.38117999999996927,-25.049999999999997,4.574160000000015,,runs/151_gen
yolov8s-world,conv만 (09-30),W4A8,brecq,6,0 1 2 3 4 5,,33.718333333333334,22.875,15.768333333333334,21.535,25.34,16.251666666666665,3462.6666666666665,34.445,22.04,3.5416666666666665,1484.1666666666667,0.8835251364090706,0.8173065520354035,1.2940079855498066,0.5658533378888916,0.9926530108754028,3.257645878033195,709.6254411072553,3.2336032533382935,3.411122982244996,0.8078964455093652,347.51541932217435,,,,,,runs/141_convw8_mig runs/147_main
yolov8s-world,conv만 (09-30),W4A8,brecq_vm,2,0 1,,33.615,22.240000000000002,14.67,20.98,24.71,18.310000000000002,4007.0,30.1,24.93,4.045,1719.0,0.02121320343559723,0.15556349186104215,0.3676955262170044,0.3959797974644682,0.09899494936611454,0.141421356237309,111.72287142747452,1.371787155501903,0.7636753236814702,0.049497474683058526,29.698484809834994,-1.6799999999999997,0.635300000000009,6.260000000000001,2.9223799999999938,,runs/124_vm_metric_ablation runs/126_vm_isolate
yolov8s-world,conv만 (09-30),W4A8,combined(s1=brecq),6,0 1 2 3 4 5,6.14,33.2,21.726666666666667,15.549999999999999,19.76,24.581666666666667,20.29,4132.833333333333,33.95166666666667,26.686666666666667,4.081666666666667,1733.5,0.14338758663147838,0.28161439357154006,0.7209993065183904,0.3216208948436029,0.27909974322214276,1.0833651277385667,179.3002137942581,3.941621070913168,1.0999575749394457,0.01940790217067956,31.89200526777832,-1.1483333333333334,0.9238066471210299,4.038333333333333,3.887798706366497,,runs/147_main
yolov8s-world,conv만 (09-30),W4A8,brecq+G,6,0 1 2 3 4 5,6.14,33.78333333333333,23.27166666666667,16.36,21.543333333333333,26.051666666666666,14.048333333333334,2989.0,34.483333333333334,21.418333333333333,3.1533333333333333,1308.8333333333333,0.07174027227901102,0.19343388189938898,0.5107641334314696,0.39164609875072937,0.06431692364119049,0.0957949198374667,51.91916794402622,4.075746148457564,1.594207221996772,0.06250333324444915,31.160338038388907,0.3966666666666671,0.9680686566561272,-2.2033333333333327,3.3989337400396615,,runs/147_main
yolov8s-world,conv만 (09-30),W4A8,brecq+GM,6,0 1 2 3 4 5,6.14,34.31333333333333,23.153333333333332,16.236666666666665,21.326666666666668,26.01833333333333,13.84,2936.3333333333335,35.05833333333334,21.406666666666666,3.296666666666667,1361.8333333333333,0.03777124126457413,0.09584710046040383,0.4689420717601127,0.2520052909497468,0.06177917664283613,0.22583179581272433,58.72534943843814,4.063699874088473,1.5265210993191896,0.09993331109628402,38.95339095209385,0.2783333333333336,0.8813548165211331,-2.4116666666666666,3.438254201391311,,runs/147_main
yolov8s-world,conv만 (09-30),W4A8,brecq+GPM,6,0 1 2 3 4 5,6.16,34.776666666666664,23.485,16.015,21.71666666666667,26.39666666666667,12.168333333333333,2529.6666666666665,35.498333333333335,19.481666666666666,2.6033333333333335,1125.8333333333333,0.07089898917944122,0.15883954167649816,0.48702156009770237,0.36390474944230505,0.049665548085837265,0.09325592027676627,56.95144130455933,3.9885958264365,1.6384677801734981,0.049665548085837875,34.59142475624077,0.6099999999999994,0.8661891943680666,-4.083333333333333,3.365376912210578,,runs/147_main
yolov8s-world,conv만 (09-30),W4A8,naive,4,2 3 4 5,6.14,1.595,1.1675,0.3825,0.535,1.8625,85.775,18507.0,1.0775,85.08,55.5925,18263.75,0.07593857166596342,0.043493294502333,0.0629152869605896,0.035118845842842465,0.07088723439378909,0.2776688675382945,61.32427469335994,0.42578359135441873,1.5964752842851468,0.6815851622015642,212.9231081869697,-21.185000000000002,0.21522649070223443,67.4225,0.5748737501037336,,runs/147_main
yolov8s-world,conv만 (09-30),W4A8,brecq+M,4,2 3 4 5,6.14,33.805,22.745,16.1775,21.015,25.46,16.6725,3506.5,36.825,23.245,3.7325,1566.5,0.0793725393319376,0.047958315233128025,0.801971529004199,0.05972157622389611,0.12138094304022175,0.13149778198382853,68.1395626636978,2.4510201957552273,2.0633710281963356,0.07889866919029745,33.43152205130162,0.39250000000000096,0.1710479159719083,-1.6799999999999997,0.4124343380466738,,runs/147_main
yolov8s-world,conv만 (09-30),W4A8,brecq+P,4,2 3 4 5,6.22,34.6725,23.6125,16.125,22.197499999999998,26.2125,12.0375,2526.25,37.5925,18.8275,2.41,1009.75,0.05909032633745155,0.18821530224718816,0.3139532873958583,0.4010299240705103,0.022173557826084246,0.09429563439877113,37.05289012569285,2.5242870280536636,1.858805620104839,0.018257418583505554,26.812621406096547,1.2600000000000007,0.09000055110942584,-6.3149999999999995,0.2513914258018087,,runs/147_main
yolov8s-world,conv만 (09-30),W4A8,brecq+PM,4,2 3 4 5,6.22,34.78,23.67,16.68,21.7875,26.5925,11.96,2540.5,37.67,19.122500000000002,2.4675000000000002,1050.75,0.08205689083394213,0.04082482904638659,0.6771016664184687,0.15966109941581366,0.053150729063672866,0.13140268896284704,81.96137301599252,2.3717082451262836,1.7801942777873057,0.042720018726587594,20.774583830568865,1.3175,0.2759899709983432,-6.3925,0.22551641645713075,,runs/147_main
yolov8s-world,conv만 (09-30),W4A8,brecq+R,4,2 3 4 5,6.24,33.3125,22.71,15.535,21.6475,24.947499999999998,17.6575,3758.75,36.21,23.225,3.975,1652.25,0.10874281585465727,0.24289915602982262,1.367247843906389,0.3664582741140752,0.03593976442141347,0.1534872415979045,93.37156954876575,2.5036373539312766,1.717954209711849,0.08225975119502052,56.162710048572265,0.35749999999999993,0.2647553393071936,-0.6949999999999994,0.12628171007711353,,runs/147_main
yolov8s-world,conv만 (09-30),W4A8,adaround(minmax),6,0 1 2 3 4 5,6.14,9.573333333333334,8.84,5.3966666666666665,7.533333333333333,10.615,58.76,12242.5,9.418333333333333,63.535,37.223333333333336,11341.5,0.7481354601050978,0.5166817202108087,0.6627719567593869,0.462413955960097,0.5786104043309279,1.6359339839981313,338.90514897239314,0.8335806299732895,6.296865093044315,2.4454501971348064,714.6027567816961,-14.035,1.0726905054790974,42.50833333333333,3.9930172039705734,,runs/147_main
yolov8s-world,conv만 (09-30),W4A8,qdrop,6,0 1 2 3 4 5,6.14,33.375,22.408333333333335,14.7,21.134999999999998,24.921666666666667,19.093333333333334,4141.333333333333,34.11333333333333,26.384999999999998,4.828333333333333,1884.8333333333333,0.1217784874269661,0.17848435972562646,0.5002399424276316,0.23466998103720121,0.14985548594117798,0.35075157400454693,103.0973649841094,3.7515685608378084,1.4353640653158355,0.08158839786799757,35.47628315743726,-0.4666666666666662,0.8733498585790236,2.8416666666666663,3.575221276850568,,runs/147_main
yolov8s-world,conv만 (09-30),W4A8,qdrop+PM,6,0 1 2 3 4 5,6.22,34.97666666666667,23.81,16.865,22.07,26.605,12.225,2580.6666666666665,35.72833333333333,19.345,2.5516666666666667,1052.0,0.058537737116041245,0.3256992477731561,1.0035686324312854,0.5376616036132761,0.1032956920689336,0.16306440445419118,70.80583780075388,3.9685333142946737,1.7742688635040635,0.03656045222185674,22.172054483064937,0.9349999999999999,0.9967116326325289,-4.026666666666666,3.4930146756548286,,runs/147_main
yolov8s-world,conv만 (09-30),W4A8,brecq+H,6,0 1 2 3 4 5,6.23,34.403333333333336,23.39666666666667,15.656666666666666,21.945,26.076666666666668,12.358333333333334,2553.0,35.12,19.235,2.506666666666667,1068.5,0.18029605283163078,0.11219031449580139,0.35909144610623495,0.2459878045757546,0.11775681155103877,0.15917495615412172,37.56594202199647,3.843274645403317,1.5793764592395325,0.046761807778000444,14.010710188994704,0.5216666666666665,0.8605086600639172,-3.893333333333333,3.502337875696747,,runs/147_main
yolov8s-world,conv만 (09-30),W4A8,adaround(mse),3,0 1 2,6.14,9.493333333333332,8.6,5.253333333333334,7.253333333333334,10.4,59.416666666666664,12182.333333333334,9.549999999999999,59.736666666666665,37.980000000000004,11564.0,1.9001403456937946,1.6292329483533041,1.2552423404798507,1.5360447042105687,1.7790727922150915,5.190687173518876,935.7704490596683,0.8750428560933454,5.045000825900165,5.770649876746986,1749.857422763352,-14.8,5.563364658585669,45.29,18.894384313501735,,runs/147_main
yolov8m-world,확정 (attn8+A16),W4A8,naive,2,0 1,13.61,8.01,4.605,2.88,4.234999999999999,5.25,84.495,20087.5,6.1850000000000005,77.295,53.144999999999996,18098.5,0.08485281374238578,0.03535533905932725,0.0,0.03535533905932725,0.042426406871192576,0.14849242404917057,23.33452377915607,1.421284630184961,3.9951533137039976,0.30405591591021525,75.66042558696059,-19.83,4.574160000000015,53.905,1.9694299999999691,,runs/154_protocol
yolov8m-world,확정 (attn8+A16),W4A8,brecq,2,0 1,13.61,36.900000000000006,24.435000000000002,15.510000000000002,23.09,27.240000000000002,30.59,6351.5,32.685,24.689999999999998,4.95,1988.5,0.12727922061357835,0.5444722215136413,0.7636753236814714,0.6646803743153531,0.3959797974644657,0.07071067811865575,126.572113832392,1.8031222920256966,1.654629867976521,0.0707106781186545,10.606601717798213,,,,,,runs/154_protocol
yolov8m-world,확정 (attn8+A16),W4A8,brecq+G,2,0 1,13.61,38.28,25.57,17.165,23.604999999999997,28.825000000000003,24.275,4913.0,34.17,19.67,3.3049999999999997,1323.0,0.028284271247461298,0.02828427124746381,0.6010407640085664,0.07778174593052234,0.021213203435594716,0.1767766952966369,94.75230867899737,1.8101933598375632,1.4000714267493644,0.03535533905932756,5.656854249492381,1.1350000000000016,4.63768999999998,-6.315000000000001,0.9529499999999909,,runs/154_protocol
yolov8m-world,확정 (attn8+A16),W4A8,brecq+GPM,2,0 1,13.61,36.95,23.575000000000003,17.185000000000002,21.025,26.990000000000002,35.66,6415.0,32.61,32.43,6.720000000000001,2463.5,0.14142135623730648,0.07778174593052234,0.47376154339498555,0.021213203435594716,0.2545584412271542,0.8909545442950485,145.6639969244288,1.1030865786510158,5.741707063234767,0.3394112549695425,55.86143571373726,-0.8599999999999994,4.192979999999977,5.07,7.369479999999977,,runs/154_protocol
yolov8m-world,확정 (attn8+A16),W4A8,brecq+PM,2,0 1,13.83,36.43,22.71,15.18,20.165,26.330000000000002,43.215,7695.5,32.045,36.305,6.78,2584.0,0.16970562748476778,0.2687005768508899,1.79605122421383,0.28991378028648207,0.01414213562373316,0.21920310216782632,27.577164466275352,0.7283199846221448,2.0859650045003173,0.0707106781186545,11.313708498984761,-1.7249999999999996,2.4776699999999807,12.625,2.604729999999978,,runs/154_protocol
yolov8m-world,확정 (attn8+A16),W4A8,brecq+GP,2,0 1,13.61,38.28,25.57,17.165,23.604999999999997,28.825000000000003,24.275,4913.0,34.17,19.67,3.3049999999999997,1323.0,0.028284271247461298,0.02828427124746381,0.6010407640085664,0.07778174593052234,0.021213203435594716,0.1767766952966369,94.75230867899737,1.8101933598375632,1.4000714267493644,0.03535533905932756,5.656854249492381,1.1350000000000016,4.63768999999998,-6.315000000000001,0.9529499999999909,,runs/154_protocol
yolov8m-world,확정 (attn8+A16),W4A8,brecq+P,2,0 1,13.83,38.17,25.805,18.005000000000003,23.745,29.040000000000003,22.95,4405.5,33.879999999999995,18.82,3.03,1259.5,0.04242640687119446,0.021213203435594716,0.28991378028648457,0.12020815280171429,0.09899494936611705,0.2262741699796954,64.34671708797582,1.6263455967290623,1.3435028842544392,0.028284271247461926,31.81980515339464,1.370000000000001,4.701220000000012,-7.640000000000001,2.6682600000000107,,runs/154_protocol
yolov8s-worldv2,확정 (attn8+A16),W4A8,naive,2,0 1,6.03,0.36,0.245,0.09999999999999999,0.1,0.395,95.42,14227.0,0.145,87.41499999999999,64.83,21561.0,0.0,0.007071067811865481,0.056568542494923796,0.028284271247461898,0.0070710678118655204,0.12727922061358338,8.48528137423857,0.09192388155425117,1.1525840533340792,0.014142135623738186,7.0710678118654755,-15.635,1.207070000000008,49.53,4.320040000000043,,runs/154_protocol
yolov8s-worldv2,확정 (attn8+A16),W4A8,brecq,2,0 1,6.03,31.945,15.879999999999999,12.635,13.875,18.24,45.89,6914.0,28.975,30.925,4.08,2133.5,0.07778174593051983,0.14142135623731025,0.558614357137372,0.16263455967290624,0.056568542494922595,0.3535533905932738,52.32590180780452,0.9263098833543764,4.023437584951459,0.05656854249492385,6.363961030678928,,,,,,runs/154_protocol
yolov8s-worldv2,확정 (attn8+A16),W4A8,brecq+PM,2,0 1,6.12,34.54,22.345,16.215,20.455,25.12,21.75,3396.0,30.990000000000002,20.305,2.175,1233.5,0.014142135623728137,0.24748737341529012,0.7990306627407993,0.38890872965260165,0.01414213562373316,0.8343860018001259,72.12489168102785,1.1596551211459358,0.10606601717798113,0.007071067811865638,12.020815280171307,6.465000000000001,0.9529499999999795,-24.14,4.320039999999997,,runs/154_protocol
yolov8s-worldv2,확정 (attn8+A16),W4A8,brecq+GPM,2,0 1,6.04,34.385000000000005,21.71,16.410000000000004,20.05,24.134999999999998,18.57,3296.5,31.064999999999998,19.854999999999997,2.235,1311.5,0.06363961030678666,0.028284271247461298,0.3394112549695431,0.04242640687119446,0.035355339059327875,0.24041630560342606,17.67766952966369,1.3081475451951114,0.16263455967290624,0.03535533905932725,12.020815280171307,5.830000000000001,1.5247200000000012,-27.32,5.336519999999998,,runs/154_protocol
yolov8m-world,확정 (attn8+A16),W4A5,brecq+G,2,0 1,13.61,35.26,22.405,14.79,20.675,25.314999999999998,37.57,8076.0,31.135,31.035,7.385,3031.0,0.3535533905932738,0.28991378028648457,0.4101219330881976,0.20506096654409817,0.8555992052357231,1.5556349186104066,1261.4784976368007,1.9586857838867389,4.504270196158306,0.48790367901871806,462.44783489600206,2.7150000000000016,5.78123,-11.93,20.583720000000053,,runs/154_protocol
yolov8m-world,확정 (attn8+A16),W4A5,naive,2,0 1,13.61,0.005,0.01,0.0,0.0,0.025,98.60499999999999,22933.5,0.01,91.845,81.7,27228.0,0.007071067811865475,0.01414213562373095,0.0,0.0,0.021213203435596427,0.3040559159102102,37.476659402887016,0.01414213562373095,0.03535533905933542,0.5515432893255079,120.20815280171308,-19.68,3.303559999999997,49.105,3.875330000000086,,runs/154_protocol
yolov8m-world,확정 (attn8+A16),W4A5,brecq,2,0 1,13.61,31.79,19.689999999999998,13.17,18.485,21.935000000000002,49.5,11660.5,27.78,42.345,13.35,5423.5,0.15556349186103965,0.3535533905932738,0.6222539674441612,0.24748737341529012,0.4030508652763348,0.7353910524340138,200.11121907579295,0.6788225099390862,1.6617009357883876,0.2545584412271567,166.17009357883867,,,,,,runs/154_protocol
yolov8m-world,확정 (attn8+A16),W4A5,brecq+P,2,0 1,13.83,34.075,21.61,14.625,20.32,24.009999999999998,42.54,10677.5,30.055,37.56,9.875,4611.5,0.06363961030678666,0.2545584412271592,0.7424621202458767,0.5939696961966973,0.141421356237309,0.4525483399593908,272.2361107568208,1.8596908345206218,4.963889603929566,0.41719300090006295,180.31222920256963,1.9200000000000035,5.463580000000018,-6.960000000000001,10.673040000000043,,runs/154_protocol
yolov8m-world,확정 (attn8+A16),W4A5,brecq+GPM,2,0 1,13.61,25.43,16.695,13.68,14.625,19.08,61.475,11713.5,22.32,61.23,39.76,12779.0,0.1414213562373115,0.7141778489984141,0.876812408671319,1.0677312395916867,0.3818376618407376,0.07778174593051983,33.23401871576773,0.7778174593052033,0.0,2.9698484809835017,865.4987001723342,-2.994999999999999,9.593030000000008,11.975000000000001,5.908290000000042,,runs/154_protocol
yolov8m-world,확정 (attn8+A16),W4A5,brecq+PM,2,0 1,13.83,24.955,16.33,12.985,14.344999999999999,18.69,63.12,13088.0,21.91,62.275,45.59,14710.0,0.28991378028648457,0.1131370849898477,1.27986327394765,0.07778174593051983,0.07071067811865575,0.4525483399593908,104.65180361560904,0.650538238691625,0.4879036790187162,0.3818376618407351,141.4213562373095,-3.3599999999999977,2.1600199999999985,13.619999999999997,2.541200000000036,,runs/154_protocol
yolov8m-world,확정 (attn8+A16),W4A5,brecq+GP,2,0 1,13.61,35.26,22.405,14.79,20.675,25.314999999999998,37.57,8076.0,31.135,31.035,7.385,3031.0,0.3535533905932738,0.28991378028648457,0.4101219330881976,0.20506096654409817,0.8555992052357231,1.5556349186104066,1261.4784976368007,1.9586857838867389,4.504270196158306,0.48790367901871806,462.44783489600206,2.7150000000000016,5.78123,-11.93,20.583720000000053,,runs/154_protocol
yolov8m-world,확정 (attn8+A16),W4A5,brecq+GPA,1,0,13.61,35.51,22.61,14.499999999999998,20.53,25.919999999999998,36.47,7184.0,32.52,27.85,7.04,2704.0,,,,,,,,,,,,3.1700000000000017,,-13.550000000000004,,,runs/156_plusA
yolov8s-worldv2,확정 (attn8+A16),W4A5,naive,2,0 1,6.03,0.005,0.030000000000000002,0.0,0.0,0.065,99.3,14558.5,0.0,96.42,85.19999999999999,28028.0,0.007071067811865475,0.0282842712474619,0.0,0.0,0.06363961030678927,0.08485281374238891,7.7781745930520225,0.0,0.5939696961967024,0.6929646455628193,214.96046148071045,-13.030000000000001,2.7953199999999967,42.69499999999999,13.786009999999964,,runs/154_protocol
yolov8s-worldv2,확정 (attn8+A16),W4A5,brecq,2,0 1,6.03,26.275,13.06,12.39,11.055,14.955,56.605000000000004,9548.0,23.3,41.205,9.655000000000001,4334.5,0.28991378028648457,0.3394112549695431,1.0182337649086282,0.41719300090006295,0.51618795026618,1.6192745289171933,313.9554108468271,0.09899494936611705,0.40305086527633227,0.14849242404917432,21.920310216782973,,,,,,runs/154_protocol
yolov8s-worldv2,확정 (attn8+A16),W4A5,brecq+PM,2,0 1,6.12,31.955000000000002,20.65,18.965000000000003,19.009999999999998,22.41,38.650000000000006,5463.0,28.62,29.705,4.074999999999999,2195.5,0.24748737341529264,0.042426406871191945,0.8697413408594538,0.1131370849898477,0.028284271247461298,0.08485281374238389,4.242640687119285,1.1596551211459383,0.5303300858899106,0.03535533905932725,28.991378028648448,7.59,3.4306199999999945,-17.955,13.786010000000008,,runs/154_protocol
yolov8s-worldv2,확정 (attn8+A16),W4A5,brecq+GPM,2,0 1,6.04,31.67,18.955,14.795000000000002,17.71,20.805,34.39,5727.5,28.244999999999997,29.27,4.12,2249.5,0.0848528137423864,0.00707106781186658,1.195010460205265,0.24041630560342606,0.035355339059327875,0.12727922061357835,79.90306627407988,0.36062445840514035,1.4142135623730951,0.12727922061357835,0.7071067811865476,5.895,2.9859099999999925,-22.215000000000003,13.404829999999993,,runs/154_protocol
yolov8s-world,확정 (attn8+A16),W4A5,naive,6,0 1 2 3 4 5,6.14,0.041666666666666664,0.19333333333333333,0.045,0.10333333333333333,0.30333333333333334,95.985,20039.333333333332,0.03666666666666667,95.27166666666666,84.31833333333333,26445.833333333332,0.013291601358251257,0.04273952113286562,0.032710854467592254,0.03011090610836324,0.06531972647421808,1.608897137793464,124.34253763964554,0.028047578623950176,2.7820669773868993,1.603613627613169,512.0310211956563,-18.156666666666666,3.597334445424835,62.23833333333333,12.98874597234102,,runs/154_protocol runs/158_final
yolov8s-world,확정 (attn8+A16),W4A5,brecq,6,0 1 2 3 4 5,6.14,28.136666666666667,18.35,13.961666666666666,16.625,20.668333333333333,33.74666666666667,7389.5,28.52,39.22666666666667,11.551666666666666,4346.5,4.33085518883588,3.4631373059698345,2.163195938112557,3.3670981571673844,3.8100468063616573,13.97609053586398,2871.7695415892968,7.159918993955168,9.809364233561045,7.588097038564192,2606.1007463258206,,,,,0,runs/154_protocol runs/158_final
yolov8s-world,확정 (attn8+A16),W4A5,brecq+PM,6,0 1 2 3 4 5,6.22,32.291666666666664,21.916666666666668,16.913333333333334,20.096666666666664,24.431666666666665,20.895,4565.5,32.86,28.028333333333332,5.140000000000001,2114.8333333333335,0.15778677595624724,0.10073066398404568,0.29384803328704706,0.16488379746556828,0.12921558213569556,0.3520653348456785,53.62368879515843,3.7278948483024563,2.1628538246184528,0.08671793355471527,64.41247291221373,3.5666666666666664,3.644542005898684,-12.851666666666668,14.710396013105328,,runs/154_protocol runs/158_final
yolov8s-world,확정 (attn8+A16),W4A5,brecq+GPM,6,0 1 2 3 4 5,6.16,32.83166666666667,22.306666666666665,16.953333333333333,20.513333333333335,24.858333333333334,19.564999999999998,4232.5,33.413333333333334,27.86,4.758333333333333,1928.1666666666667,0.05564770136013461,0.09933109617167582,0.7920774372917505,0.2845815641721497,0.10476958846281036,0.14815532390029057,62.32415262159607,3.9188246537280365,2.1044049040049306,0.07467708260682578,66.55348726150018,3.9566666666666666,3.666938666217369,-14.181666666666668,14.760826418184216,,runs/154_protocol runs/158_final
yolov8s-world,확정 (attn8+A16),W4A5,qdrop,6,0 1 2 3 4 5,6.14,21.225,14.145,11.801666666666666,12.848333333333333,15.72,49.64333333333333,10085.333333333334,21.225,51.196666666666665,21.48,7350.333333333333,5.593520358414725,4.130243334235889,3.974455518264944,3.669361888212536,4.5788819596054235,15.498252374595875,3099.4191498838404,7.868724801389359,10.749717515668337,12.181935806759121,4048.1172743223074,-4.205000000000001,0.7762192047901152,15.896666666666665,1.8051113692622955,0,runs/158_final
yolov8s-world,확정 (attn8+A16),W4A5,qdrop+PM,6,0 1 2 3 4 5,6.22,31.971666666666664,21.255,17.496666666666666,19.275,23.688333333333333,23.845,5066.833333333333,32.68666666666667,30.641666666666666,5.883333333333333,2346.3333333333335,0.14330619898199218,0.19191143790821866,0.2895974217196457,0.3542739053331473,0.07833687935236265,0.5094212402324825,131.87329777732361,3.5554446510481164,1.7689592043534144,0.12060956291549468,38.58842658967409,2.905,3.8118532469659705,-9.901666666666667,14.72091441167583,,runs/158_final
yolov8s-world,확정 (attn8+A16),W4A5,brecq+G,6,0 1 2 3 4 5,6.14,31.15,21.145,16.128333333333334,19.158333333333335,23.81,22.55,4997.833333333333,31.68166666666667,31.058333333333334,6.706666666666667,2646.5,0.17572706109191055,0.2476085620490533,0.920182952823332,0.3495950037781811,0.13623509092741218,0.4372642221815092,103.07553864359218,3.8593751653171373,2.450064624998015,0.2097299851396235,68.28982354641137,2.7949999999999995,3.6732308676647327,-11.196666666666667,14.834962099954963,,runs/158_final
yolov8s-world,확정 (attn8+A16),W4A5,brecq+P,6,0 1 2 3 4 5,6.22,30.05,19.715,15.115,17.833333333333332,22.21,28.87333333333333,6265.5,30.351666666666667,35.17333333333333,8.703333333333333,3373.1666666666665,3.270779723552169,2.658907670454167,2.269896473410186,2.422673454402526,2.9553138581206575,11.216005825010376,2487.8349422741053,6.164074680490711,8.371295399558344,4.996297295664727,1802.255632996237,1.3650000000000004,0.879836870246411,-4.873333333333335,2.9311780458887187,0,runs/158_final
yolov8s-world,확정 (attn8+A16),W4A5,brecq+M,6,0 1 2 3 4 5,6.14,29.384999999999998,19.10666666666667,16.198333333333334,17.328333333333333,21.206666666666667,31.015,6529.5,29.933333333333334,36.83166666666666,8.96,3488.8333333333335,0.9900858548631024,0.6665933292995563,1.0221823059839508,0.5397931702667851,0.8358628276617323,2.643669797837846,498.5979342115248,3.64057504615228,3.6333093271378183,1.0950433781362268,399.8626847639908,0.7566666666666672,3.9384814744898833,-2.731666666666668,15.941541309830274,,runs/158_final
yolov8s-world,확정 (attn8+A16),W4A5,brecq+GP,6,0 1 2 3 4 5,6.16,32.05,21.701666666666668,16.645,19.785,24.31,20.740000000000002,4517.166666666667,32.605,29.375,5.8549999999999995,2297.8333333333335,0.04472135954999643,0.23794257010183428,0.6750629600266924,0.44279792230768206,0.11713240371477099,0.16284962388657784,54.36328417844774,3.7430508946579923,2.2709975781581093,0.063166446789415,29.795413517296026,3.3516666666666666,3.5996106730013198,-13.006666666666666,14.627124763924046,,runs/158_final
yolov8s-world,확정 (attn8+A16),W4A5,brecq+GM,6,0 1 2 3 4 5,6.14,32.155,21.733333333333334,16.508333333333333,19.915,24.285,21.273333333333333,4635.166666666667,32.825,29.381666666666668,5.536666666666667,2256.6666666666665,0.13003845585056736,0.22178067243713157,0.593680609980372,0.3943982758583003,0.2256324444755224,0.18151216671801004,103.22871047662403,3.8693759186721577,1.9819325585565897,0.10689558768567893,49.64540932117155,3.3833333333333333,3.484728927629811,-12.473333333333333,14.71677420417192,,runs/158_final
yolov8s-world,확정 (attn8+A16),W4A5,qdrop+GPM,6,0 1 2 3 4 5,6.16,32.675000000000004,22.265,15.323333333333334,20.881666666666664,24.740000000000002,19.538333333333334,4204.0,33.32,27.845,4.84,1915.0,0.10802777420645186,0.11432410069622324,0.46059381961405654,0.2491920276948419,0.06899275324264144,0.35801769043814946,91.35425551116927,3.7590317902353534,1.443242876303223,0.10881176406988373,27.2176413379264,3.9149999999999996,3.6912538019546974,-14.208333333333334,14.681563252571065,,runs/159_gpm_all
yolov8s-world,확정 (attn8+A16),W4A5,brecq+GPA,1,1,6.16,32.85,22.35,17.53,20.59,24.779999999999998,19.82,4337.0,27.96,28.35,4.9,1976.0,,,,,,,,,,,,2.34,,-7.859999999999999,,,runs/156_plusA
yolov8s-world,확정 (attn8+A16),W4A8,naive,6,0 1 2 3 4 5,6.14,1.6666666666666667,1.21,0.36666666666666664,0.5616666666666666,1.94,85.685,18490.833333333332,1.325,83.42666666666668,55.251666666666665,18233.166666666668,0.0814043405886115,0.07745966692414831,0.03559026084010437,0.05076087732365021,0.11384199576606162,0.3982335997878611,74.53164875854195,0.5161685771141052,2.5996435653117245,0.39846789916712977,121.61647366482333,-21.533333333333335,0.11001690561000205,68.10666666666667,0.35067954111980576,,runs/154_protocol runs/158_final
yolov8s-world,확정 (attn8+A16),W4A8,brecq,6,0 1 2 3 4 5,6.14,33.77,22.743333333333332,15.426666666666666,21.619999999999997,25.06,17.578333333333333,3776.6666666666665,34.52,23.676666666666666,3.9233333333333333,1625.8333333333333,0.12296340919151383,0.12436505404118478,0.778554215624491,0.2591524647770115,0.13985706989637672,0.23794257010183595,59.97888517358977,3.8454336556492565,1.4811707081449679,0.09437513796899406,49.865485725766945,,,,,,runs/154_protocol runs/158_final
yolov8s-world,확정 (attn8+A16),W4A8,brecq+PM,6,0 1 2 3 4 5,6.22,34.87833333333333,23.89,17.153333333333332,22.151666666666667,26.65,12.213333333333333,2557.3333333333335,35.6,19.27166666666667,2.505,1072.0,0.09662642840686382,0.11882760622010333,0.5907509345457412,0.3354648516114109,0.06542170893518626,0.10652073350604893,32.08530296984379,3.9932743456967748,1.9340673893809044,0.028809720581775822,12.569805089976535,1.1466666666666672,0.15619985845063955,-5.365,0.23222169972894488,,runs/154_protocol runs/158_final
yolov8s-world,확정 (attn8+A16),W4A8,brecq+GPM,6,0 1 2 3 4 5,6.16,34.81333333333333,23.555,16.528333333333332,21.64,26.52166666666667,12.321666666666667,2550.0,35.51166666666667,19.986666666666665,2.6433333333333335,1145.6666666666667,0.04546060565662006,0.09792854537876106,0.28081429213390574,0.26593232221751384,0.0830461718965219,0.0854205283679902,31.381523226255286,3.882336495805928,1.8479357853201144,0.03559026084010437,21.388470414376684,0.8116666666666656,0.15488956254376846,-5.256666666666666,0.2712509922931166,,runs/154_protocol runs/158_final
yolov8s-world,확정 (attn8+A16),W4A8,brecq+P,6,0 1 2 3 4 5,6.22,35.045,23.798333333333332,16.758333333333333,22.476666666666667,26.236666666666665,11.906666666666666,2468.8333333333335,35.725,18.356666666666666,2.365,992.5,0.08312640976248141,0.15587388064286703,0.8620073472231347,0.22150996967781528,0.04966554808583836,0.09395034149308182,28.152560570340075,4.080591868834717,1.3939823050048612,0.03937003937005913,30.402302544379758,1.0549999999999997,0.20121257695531913,-5.671666666666667,0.2329479863939601,,runs/158_final
yolov8s-world,확정 (attn8+A16),W4A8,brecq+R,6,0 1 2 3 4 5,6.24,33.92,22.956666666666667,15.665,21.796666666666667,25.298333333333332,17.045,3623.0,34.629999999999995,22.725,3.8183333333333334,1578.3333333333333,0.09777525249264227,0.16512621435334368,0.8447188881515545,0.3011754748758045,0.15778677595624557,0.22984777571253578,57.201398584300364,3.9229784603028333,1.3470523375132828,0.0798540335028022,36.60418919559162,0.21333333333333235,0.057744250449719425,-0.5333333333333332,0.110815104024679,,runs/158_final
yolov8s-world,확정 (attn8+A16),W4A8,brecq+H,6,0 1 2 3 4 5,6.24,34.943333333333335,23.645,15.636666666666667,22.343333333333334,26.24,12.08,2455.3333333333335,35.608333333333334,18.685,2.4783333333333335,996.8333333333334,0.06713171133426003,0.1727136358253148,0.49216528389014363,0.3385065238169965,0.08390470785361363,0.10079682534683336,24.565558545790623,4.032371097340455,1.9841748914851238,0.05269408568963559,26.513518564435515,0.9016666666666661,0.20679287469591362,-5.498333333333333,0.18604007397601233,,runs/158_final
yolov8s-world,확정 (attn8+A16),W4A8,qdrop+PM,6,0 1 2 3 4 5,6.22,35.035000000000004,23.883333333333333,17.583333333333332,22.053333333333335,26.64166666666667,12.545,2610.0,35.876666666666665,19.708333333333332,2.5833333333333335,1090.1666666666667,0.05431390245600244,0.04320493798938542,0.32420158338087507,0.06918574034197059,0.07833687935236311,0.1388164255410719,26.283074401599215,3.9473417215471316,1.894206078193887,0.06282250127674535,24.903145718295644,1.1399999999999988,0.15483027920920367,-5.033333333333333,0.16867884947437925,,runs/158_final
yolov8s-world,확정 (attn8+A16),W4A8,qdrop,6,0 1 2 3 4 5,6.14,33.65,22.516666666666666,15.621666666666666,21.106666666666666,25.01,18.52166666666667,4061.1666666666665,34.33166666666666,25.64666666666667,4.693333333333333,1807.8333333333333,0.07924645102463616,0.21407163909931365,0.4756644475538049,0.3497237004646191,0.11242775458044177,0.2812412961616184,69.91828563878455,3.874807952230235,1.3031756085296673,0.10538817137927123,40.804003071594174,-0.22666666666666777,0.22449474466009214,0.9433333333333334,0.3705967660409374,,runs/158_final
yolov8s-world,확정 (attn8+A16),W4A8,adaround(mse),6,0 1 2 3 4 5,6.14,9.103333333333333,8.370000000000001,4.083333333333333,7.196666666666667,10.173333333333334,59.598333333333336,12110.0,9.051666666666666,63.151666666666664,38.59166666666667,11716.333333333334,0.580298773621543,0.40094887454636907,0.319228236010956,0.39732438468670234,0.461548119557069,1.5275394157489575,278.7837871900014,1.2255515765020528,6.153780680741445,2.2286804765750228,681.6082941592382,-14.373333333333335,0.4374059493193947,42.019999999999996,1.6150164431546816,,runs/158_final
yolov8s-world,확정 (attn8+A16),W4A8,combined(s1=brecq),6,0 1 2 3 4 5,6.14,33.455,21.683333333333334,15.071666666666667,19.711666666666666,24.623333333333335,20.22833333333333,4092.1666666666665,34.156666666666666,25.69,4.093333333333333,1690.8333333333333,0.10986355173577711,0.2595894194043103,0.48486767954429194,0.43388554558393255,0.1816223187459809,1.1084478637566435,244.52763988282933,4.020903712682842,1.6768064885370644,0.17907168024751044,74.73531070830352,-1.0600000000000005,0.1989274041453308,2.6500000000000004,0.9765288431992167,,runs/158_final
yolov8s-world,확정 (attn8+A16),W4A8,qdrop+GPM,6,0 1 2 3 4 5,6.16,35.001666666666665,23.631666666666668,15.968333333333334,22.11,26.36,12.876666666666667,2673.8333333333335,35.75833333333333,20.64666666666667,2.8383333333333334,1197.8333333333333,0.04215052391924327,0.09064583093924666,0.4108730541988208,0.19687559523719483,0.07042726744663756,0.13411437904515186,52.07462593880696,3.959239405070962,1.7863109098549073,0.06853223086013367,26.73886060898382,0.8883333333333331,0.15187287725265472,-4.701666666666667,0.2696010854670294,,runs/159_gpm_all
yolov8s-worldv2,확정 (attn8+A16),W8A8,naive,2,0 1,11.86,36.655,22.255,16.310000000000002,20.29,25.07,5.775,1175.5,33.025,7.765,0.6,364.5,0.02121320343559723,0.24748737341529264,0.3111269837220818,0.4242640687119295,0.08485281374238891,0.43133513652379424,111.01576464628796,1.22329473145273,0.48790367901871745,0.04242640687119289,23.33452377915607,-0.40000000000000036,1.2705999999999955,0.7549999999999999,3.748269999999999,,runs/154_protocol
yolov8s-worldv2,확정 (attn8+A16),W8A8,brecq,2,0 1,11.86,37.035,22.655,17.295,20.625,25.425,5.02,900.0,33.364999999999995,5.6850000000000005,0.38,242.5,0.03535533905933039,0.10606601717798364,0.10606601717798364,0.2899137802864871,0.007071067811869093,0.014142135623731277,25.45584412271571,1.407142494561231,0.0919238815542511,0.014142135623730963,13.435028842544403,,,,,,runs/154_protocol
yolov8s-worldv2,확정 (attn8+A16),W8A8,brecq+M,2,0 1,11.86,37.0,23.245,16.84,21.215,26.189999999999998,8.395,1379.5,33.295,6.095,0.385,225.0,0.02828427124746632,0.06363961030678666,0.09899494936611705,0.20506096654409817,0.02828427124746381,0.38890872965260165,43.1335136523794,1.4637110370561537,0.049497474683058526,0.007071067811865481,18.384776310850235,0.5900000000000016,1.5247199999999899,3.3749999999999996,3.367090000000001,,runs/154_protocol
yolov8s-world,attn_cls 8bit (마지막 A8),W4A8,naive,6,0 1 2 3 4 5,6.14,1.5183333333333333,1.0066666666666666,0.33166666666666667,0.485,1.5916666666666666,85.86166666666666,18532.833333333332,1.1933333333333334,83.75333333333333,56.806666666666665,18594.0,0.10381072520056242,0.11639014849490772,0.10609743949156675,0.05718391382198318,0.18214463117716836,0.37392066894819675,78.97953321378056,0.4558362279006207,2.7123249559495393,0.6651816794430417,167.52432659169236,-21.356666666666666,0.10880862962099974,67.79166666666666,0.340785486963574,,runs/153_attnq
yolov8s-world,attn_cls 8bit (마지막 A8),W4A8,brecq,6,0 1 2 3 4 5,6.14,33.138333333333335,22.363333333333333,15.0,21.06,24.84,18.07,3836.6666666666665,33.82833333333333,24.335,3.998333333333333,1670.8333333333333,0.17713460042201512,0.1338157937863341,0.6735280246582172,0.16198765385053276,0.18165902124584934,0.2513961017995302,67.44380376777889,3.791002066296808,1.4779005379253374,0.09703951085339761,45.42429599527841,,,,,,runs/153_attnq
yolov8s-world,attn_cls 8bit (마지막 A8),W4A8,brecq+PM,6,0 1 2 3 4 5,6.22,34.80833333333333,23.855,17.075,22.128333333333334,26.611666666666668,12.286666666666667,2568.1666666666665,35.505,19.285,2.5116666666666667,1073.6666666666667,0.09064583093924851,0.16281891781976768,0.34961407294329605,0.4128639808298446,0.059132619311735704,0.09912954487269032,31.808279844510086,3.954535370938032,1.9119806484376354,0.03250640962435976,10.073066398404542,1.4916666666666665,0.12193818107959555,-5.783333333333333,0.2383014827482188,,runs/153_attnq
yolov8s-world,attn_cls 8bit (마지막 A8),W4A8,brecq+GPM,6,0 1 2 3 4 5,6.16,34.748333333333335,23.575,16.443333333333335,21.741666666666667,26.485,12.403333333333334,2563.6666666666665,35.46666666666667,19.94333333333333,2.651666666666667,1152.1666666666667,0.0560059520646392,0.12660963628413177,0.38250054466192196,0.2510312065593975,0.0628490254498825,0.09770704512299337,39.9833298596636,3.880781708195742,1.9120216177299536,0.03371448748930743,22.229859798628212,1.2116666666666653,0.10774027308764465,-5.666666666666666,0.2914556078376255,,runs/153_attnq
yolov8s-world,attn_cls 8bit (마지막 A8),W4A5,brecq+PM,6,0 1 2 3 4 5,6.22,32.31333333333333,21.87,16.81833333333333,20.086666666666666,24.363333333333333,21.06,4569.333333333333,32.99166666666667,28.02166666666667,5.168333333333333,2124.6666666666665,0.13017936344392914,0.07211102550927992,0.19569534145366585,0.19815818596935791,0.1895960618437708,0.3526471324142581,55.43163958125961,3.7582943826510795,2.088649483916979,0.10515068552637544,68.14592186379656,3.681666666666666,3.652934226430173,-13.758333333333335,15.545251131342495,,runs/153_attnq
yolov8s-world,attn_cls 8bit (마지막 A8),W4A5,naive,6,0 1 2 3 4 5,6.14,0.03833333333333334,0.16999999999999998,0.03333333333333333,0.085,0.265,96.02833333333334,20047.666666666668,0.03166666666666667,95.27333333333334,84.95333333333333,26617.5,0.009831920802501752,0.03521363372331802,0.0196638416050035,0.033316662497915366,0.0697853852894716,1.5969397817909916,121.91253695443577,0.017224014243685085,2.9150620347887406,1.3701776040596598,459.042372771839,-18.018333333333334,3.6348667714106115,61.21,13.812425622149794,,runs/153_attnq
yolov8s-world,attn_cls 8bit (마지막 A8),W4A5,brecq,6,0 1 2 3 4 5,6.14,27.928333333333335,18.188333333333333,14.08,16.535,20.395,34.818333333333335,7491.666666666667,28.31833333333333,40.57,11.986666666666666,4598.833333333333,4.503178507084376,3.492857951114913,1.8250698616765342,3.3357622816981425,3.946754362764422,14.749528015047352,2963.5599988302356,7.331355718192009,10.355603314148336,8.114605761629253,2894.954467114581,,,,,0,runs/153_attnq
yolov8s-world,attn_cls 8bit (마지막 A8),W4A5,brecq+GPM,6,0 1 2 3 4 5,6.16,32.763333333333335,22.263333333333335,16.935000000000002,20.506666666666668,24.78,19.695,4239.166666666667,33.35666666666667,27.916666666666664,4.77,1931.6666666666667,0.04966554808583917,0.20146132796808996,0.39702644748177607,0.3808236687322193,0.08508818954473087,0.15267612779999382,60.773075178623856,3.959387157966074,2.0302971867848965,0.09570788891204314,58.45910251335258,4.075,3.7555422866218673,-15.123333333333333,15.56749829548152,,runs/153_attnq
yolov8s-world,attn 8bit (마지막 A8),W4A8,naive,2,0 1,6.14,1.5899999999999999,1.08,0.385,0.475,1.735,85.82499999999999,18508.0,1.5899999999999999,80.9,56.040000000000006,18426.5,0.05656854249492369,0.01414213562373112,0.04949747468305829,0.021213203435596444,0.0212132034355966,0.3464823227814047,53.74011537017761,0.7636753236814712,1.9091883092036803,0.3252691193458125,99.7020561473032,-21.395,0.4447100000000017,68.17999999999999,2.1600200000000216,,runs/153_attnq
yolov8s-world,attn 8bit (마지막 A8),W4A8,brecq,2,0 1,6.14,33.269999999999996,22.475,15.165000000000001,21.315,24.82,17.645,3888.5,29.79,24.565,4.01,1649.5,0.15556349186104468,0.035355339059327875,0.28991378028648457,0.0070710678118640685,0.028284271247461298,0.10606601717798113,34.64823227814083,1.513208511739212,0.7848885271170674,0.014142135623730649,0.7071067811865476,,,,,,runs/153_attnq
yolov8s-world,attn 8bit (마지막 A8),W4A8,brecq+GPM,2,0 1,6.16,34.739999999999995,23.655,16.09,22.03,26.455,12.145,2568.5,30.935000000000002,18.895,2.57,1103.0,0.028284271247461298,0.06363961030678918,0.7778174593052021,0.141421356237309,0.1202081528017168,0.09192388155425173,45.96194077712559,1.3505739520663058,0.20506096654409817,0.028284271247461926,12.727922061357855,1.1799999999999997,0.2541199999999946,-5.499999999999999,1.7788399999999955,,runs/153_attnq
yolov8s-world,attn 8bit (마지막 A8),W4A5,naive,2,0 1,6.14,0.045,0.23,0.04,0.095,0.385,95.155,19971.0,0.025,91.17,82.89,25956.5,0.007071067811865476,0.04242640687119285,0.014142135623730952,0.007071067811865481,0.06363961030678929,0.12020815280171429,26.870057685088806,0.0070710678118654745,4.256782822743023,0.6222539674441586,98.2878425849301,-19.435,1.8423699999999943,66.55499999999999,0.19059000000000717,,runs/153_attnq
yolov8s-world,attn 8bit (마지막 A8),W4A5,brecq,2,0 1,6.14,29.92,19.665,15.315000000000001,17.735,22.165,28.6,6190.5,26.415,36.14,8.655,3362.0,0.07071067811865324,0.24748737341529264,0.7424621202458754,0.4879036790187162,0.06363961030678918,0.09899494936611705,14.849242404917497,1.1242997820866105,0.3111269837220793,0.06363961030678918,22.627416997969522,,,,,,runs/153_attnq
yolov8s-world,attn 8bit (마지막 A8),W4A5,brecq+GPM,2,0 1,6.16,32.79,22.295,17.28,20.58,24.715000000000003,19.740000000000002,4386.5,29.15,27.1,4.805,1962.5,0.0,0.07778174593052234,0.509116882454316,0.24041630560342606,0.035355339059327875,0.24041630560342606,122.32947314527271,1.7111984104714437,0.791959594928934,0.07778174593052045,77.07463914933368,2.630000000000001,1.5247199999999899,-8.860000000000001,3.0494400000000024,,runs/153_attnq
yolov8s-world,"head 제외 · iter 50, 비결정적",WNoneANone,naive,1,0,,33.54,40.17,90.0,40.550000000000004,39.92,6.53,52.0,30.79,8.21,0.87,18.0,,,,,,,,,,,,0.3500000000000014,,0.11000000000000032,,,runs/71_recon_fix_review
yolov8s-world,"head 제외 · iter 50, 비결정적",WNoneANone,adaround(minmax),1,0,,33.49,39.87,90.0,40.129999999999995,39.62,6.53,48.0,30.58,7.99,0.95,21.0,,,,,,,,,,,,0.04999999999999716,,0.11000000000000032,,,runs/71_recon_fix_review
yolov8s-world,"head 제외 · iter 50, 비결정적",WNoneANone,qdrop,1,0,,33.64,39.18,90.0,38.12,39.1,6.27,48.0,30.99,8.42,0.84,17.0,,,,,,,,,,,,-0.6400000000000006,,-0.15000000000000036,,,runs/71_recon_fix_review
yolov8s-world,"head 제외 · iter 50, 비결정적",WNoneANone,brecq,1,0,,33.51,39.82,90.0,41.13,39.44,6.42,55.0,30.78,9.21,0.96,19.0,,,,,,,,,,,,,,,,,runs/71_recon_fix_review
yolov8s-world,head 제외 · 비결정적,WNoneANone,naive,6,0 1 2 3 4 5,,33.54,23.419999999999998,17.04,21.11,26.6,6.48,1224.0,34.185,11.801666666666666,0.95,432.0,0.0,0.0,0.0,0.0,0.0,0.0,0.0,3.9894448235312137,1.832980269033649,0.0,0.0,0.2799999999999982,0.1187494033669221,0.9133333333333339,0.04386634678201503,,runs/71_recon_fix_review
yolov8s-world,head 제외 · 비결정적,WNoneANone,adaround(minmax),6,0 1 2 3 4 5,,33.339999999999996,23.348333333333333,16.330000000000002,21.231666666666666,26.490000000000002,6.128333333333333,1271.6666666666667,33.931666666666665,11.4,0.8266666666666667,385.6666666666667,0.060663003552410874,0.14552204873030986,0.3755529256975639,0.37284938871703543,0.07375635565834364,0.1667832925285583,40.638241431768016,3.980886417202412,1.901231180051495,0.03265986323710902,19.80572307861207,0.20833333333333393,0.2029208791253378,0.5616666666666665,0.13431954319830008,,runs/71_recon_fix_review
yolov8s-world,head 제외 · 비결정적,WNoneANone,qdrop,6,0 1 2 3 4 5,,33.24166666666667,23.23,15.958333333333332,21.065,26.463333333333335,5.5,1114.8333333333333,33.778333333333336,10.501666666666667,0.7033333333333333,345.8333333333333,0.03970726214014999,0.11313708498984713,0.4087256618646133,0.18865312083291932,0.057154760664939894,0.04732863826479686,24.416524459199074,3.9232201909485873,1.7745919718816114,0.008164965809277268,9.239408350466315,0.08999999999999926,0.12507503228062564,-0.06666666666666658,0.05812456795538353,,runs/71_recon_fix_review
yolov8s-world,head 제외 · 비결정적,WNoneANone,brecq,6,0 1 2 3 4 5,,33.14666666666667,23.14,15.675,20.95,26.428333333333335,5.566666666666666,1158.1666666666667,33.575,10.665,0.7216666666666667,350.6666666666667,0.056803755744374906,0.11313708498984745,0.4282872867597172,0.24462215762272987,0.04708148963941849,0.04179314138308661,37.080542966179266,3.9490998974449876,1.8844919739813166,0.011690451944500132,9.223159256278006,,,,,,runs/71_recon_fix_review
yolov8s-world,head 제외 · 비결정적,WNoneANone,combined(s1=none),6,0 1 2 3 4 5,,36.04666666666667,24.955,17.169999999999998,23.246666666666666,27.871666666666666,5.775,1128.0,36.78333333333333,10.051666666666668,0.8883333333333333,392.1666666666667,0.12956336930886952,0.16525737502453555,0.6700447746233087,0.24426761280748388,0.11089033621856689,0.7135474756454542,141.0900421716572,4.140959631132217,1.2543590660838178,0.19954114028607403,55.119567003621015,1.8150000000000002,0.16229914782585814,0.20833333333333334,0.7752155971115392,,runs/72_combined_recon_diag
yolov8s-world,conv만 (09-30) · 비결정적,W8A8,naive,1,0,,36.6,25.509999999999998,18.279999999999998,24.490000000000002,27.73,5.3,1059.0,33.94,7.4,0.68,331.0,,,,,,,,,,,,0.31999999999999673,,1.3599999999999999,,,runs/86_batch2_skiphead
yolov8s-world,conv만 (09-30) · 비결정적,W8A8,qdrop,1,0,,35.98,24.93,17.54,23.06,27.92,4.05,896.0,33.38,5.89,0.48,226.0,,,,,,,,,,,,-0.26000000000000156,,0.10999999999999988,,,runs/86_batch2_skiphead
yolov8s-world,conv만 (09-30) · 비결정적,W8A8,brecq,1,0,,36.09,25.19,17.83,23.669999999999998,27.87,3.94,882.0,33.29,5.72,0.46,219.0,,,,,,,,,,,,,,,,,runs/86_batch2_skiphead
yolov8s-world,head 제외,W8A6,naive,1,0,,31.87,31.0,16.39,30.19,31.64,28.17,559.0,29.21,37.06,7.19,274.0,,,,,,,,,,,,-3.3800000000000026,,9.760000000000002,,,runs/108_combined_bits
yolov8s-world,head 제외,W8A6,combined(s1=none),1,0,,22.2,21.94,3.3300000000000005,22.58,22.31,48.29,904.0,20.24,55.25,13.27,501.0,,,,,,,,,,,,-12.440000000000001,,29.88,,,runs/108_combined_bits
yolov8s-world,head 제외,W8A6,combined(s1=brecq),1,0,,23.49,27.529999999999998,22.400000000000002,28.51,27.42,33.59,620.0,22.46,36.02,7.28,254.0,,,,,,,,,,,,-6.850000000000005,,15.180000000000003,,,runs/108_combined_bits
yolov8s-world,head 제외,W8A6,brecq,1,0,,34.59,34.38,15.260000000000002,32.73,35.370000000000005,18.41,381.0,31.51,23.77,3.99,149.0,,,,,,,,,,,,,,,,,runs/107_bitwidth_scan
yolov8s-world,head 제외,W8A6,qdrop,1,0,,33.5,33.07,17.59,29.73,34.4,22.72,462.0,30.31,27.31,5.35,199.0,,,,,,,,,,,,-1.3100000000000023,,4.309999999999999,,,runs/107_bitwidth_scan
yolov8s-world,head 제외,W8A7,naive,1,0,,36.23,37.85,34.260000000000005,37.4,38.07,7.69,160.0,33.49,10.03,1.72,60.0,,,,,,,,,,,,,,,,,runs/109_onesided
yolov8s-world,head 제외,W8A7,combined(s1=none),1,0,,36.2,38.47,32.61,37.31,38.940000000000005,7.38,144.0,33.31,10.34,1.58,63.0,,,,,,,,,,,,,,,,,runs/108_combined_bits
yolov8s-world,head 제외,W8A7,combined(s1=brecq),1,0,,36.74,37.76,35.839999999999996,35.72,38.36,4.98,87.0,34.13,7.85,1.05,43.0,,,,,,,,,,,,,,,,,runs/109_onesided
yolov8s-world,head 제외,W8A8,naive,6,0 1 2 3 4 5,,36.61666666666667,25.53666666666667,17.77166666666667,24.381666666666668,27.961666666666666,4.466666666666667,985.3333333333334,37.41,5.945,0.6666666666666666,291.1666666666667,0.042739521132865645,0.07061633427661482,0.39250053078520364,0.10048217088950043,0.0773089041874655,0.37173467240313585,64.22356784441882,4.002814010168347,0.6077417214573967,0.043665394383500825,12.765839833973583,-0.06166666666666565,0.12514841159599407,1.7433333333333334,0.3656890399232661,,runs/112_confirmed_6seed
yolov8s-world,head 제외,W8A8,combined(s1=none),6,0 1 2 3 4 5,,36.653333333333336,27.793333333333333,20.118333333333332,26.525000000000002,30.043333333333333,2.9266666666666667,562.1666666666666,37.435,5.471666666666667,0.5233333333333333,210.16666666666666,0.037771241264575005,5.01574188596928,6.125087482368449,5.077139942920621,4.138142900706387,0.10073066398404545,246.6101511833336,4.05694836052913,0.7943907518763461,0.028047578623950162,91.97046627405271,2.195,5.279804790407032,0.20333333333333328,0.15492512165559214,,runs/106_regiondir_6seed runs/108_combined_bits
yolov8s-world,head 제외,W8A8,brecq,6,0 1 2 3 4 5,,36.75333333333333,25.598333333333333,17.80333333333333,24.265,28.185,2.7233333333333336,622.5,37.44166666666666,3.8016666666666667,0.36666666666666664,182.5,0.021602468994693612,0.10068101443006479,0.15641824275533442,0.20097263495311962,0.04324349662088081,0.08310635755865288,6.534523701081817,3.995064037868063,0.35493191835430454,0.015055453054181633,7.395944834840238,,,,,,runs/112_confirmed_6seed
yolov8s-world,head 제외,W8A8,adaround(minmax),6,0 1 2 3 4 5,,36.64833333333333,25.76666666666667,17.48,24.418333333333333,28.450000000000003,2.8133333333333335,638.6666666666666,37.39333333333333,5.141666666666667,0.4716666666666667,234.5,0.04308905506815772,0.07580677190506686,0.12377398757412585,0.190936289548809,0.0565685424949236,0.07257180352359084,26.348940522659856,4.064439280720855,0.700697271770532,0.016020819787597212,7.63544366752843,0.16833333333333536,0.14305740590756125,0.08999999999999993,0.11440227786193771,,runs/106_regiondir_6seed
yolov8s-world,head 제외,W8A8,qdrop,6,0 1 2 3 4 5,,36.806666666666665,25.563333333333333,17.735,24.248333333333335,28.14,2.8666666666666667,642.1666666666666,37.52166666666667,4.09,0.39666666666666667,180.16666666666666,0.03881580434135863,0.06282250127674442,0.21906620004007926,0.14204459393678726,0.058991524815009605,0.11570076346622203,13.121229617176382,3.9921543891320965,0.3830404678359718,0.01032795558988644,7.413950813612582,-0.034999999999998956,0.05583669049111111,0.14333333333333323,0.15718417337632934,,runs/106_regiondir_6seed
yolov8s-world,head 제외,W8A8,combined(s1=brecq),6,0 1 2 3 4 5,,36.75333333333333,25.793333333333333,17.736666666666665,24.476666666666667,28.411666666666665,2.2266666666666666,461.1666666666667,37.46,4.278333333333333,0.3783333333333333,180.5,0.04802776974487415,0.07004760286167389,0.11826523862347171,0.13485794995722986,0.04915960401250736,0.18811344095164134,18.443607745413225,4.033772427889309,0.4698687760073727,0.04956477243634502,20.393626455341384,0.19500000000000148,0.09475568070042094,-0.49666666666666676,0.2245928701450694,,runs/112_confirmed_6seed
yolov8s-world,head 제외 · 첫·마지막 미고정,W4A8,naive,3,0 1 2,,1.1133333333333333,0.9533333333333334,0.16333333333333333,0.42,1.57,88.58333333333333,18832.0,0.8166666666666667,86.96,59.85,19712.666666666668,0.08386497083606077,0.06658328118479395,0.015275252316519465,0.03464101615137751,0.10440306508910546,0.4623130252689575,75.47847375245475,0.5353814839283605,3.639629101982781,0.5188448708429131,160.35065741472135,-22.076666666666668,0.8127748266757407,68.08333333333333,1.7461793378338346,,runs/120_alphabias_ste
yolov8s-world,head 제외 · 첫·마지막 미고정,W4A8,combined(s1=brecq),3,0 1 2,,27.766666666666666,17.126666666666665,11.61,14.803333333333335,20.173333333333336,34.47,6798.0,25.11,40.29666666666667,9.373333333333333,3598.6666666666665,1.4555182353146017,0.8334466589610474,0.7389857914736935,0.8927112261718986,0.8068663664655585,1.1258330249197719,191.9400948212749,3.0322763726283255,0.6253265813423682,0.9519628844305507,356.1717750374576,-5.903333333333335,1.6728902129979828,13.97,2.6928438495451914,,runs/120_alphabias_ste
yolov8s-world,head 제외 · 첫·마지막 미고정,W4A8,brecq,3,0 1 2,,33.47666666666667,23.03,16.493333333333336,22.086666666666666,25.04,20.5,4654.0,31.290000000000003,27.766666666666666,5.09,2041.6666666666667,0.035118845842842555,0.26153393661244095,0.17785762095938867,0.5081666393353009,0.07211102550927874,0.40112342240263116,273.6220020393097,2.5275086547824133,0.41356176483487034,0.0953939201416943,118.30610015266893,,,,,,runs/120_alphabias_ste
yolov8s-world,head 제외 · 첫·마지막 미고정,W4A8,qdrop,1,0,,33.38,34.53,17.96,34.57,35.0,21.31,445.0,30.82,28.88,5.59,187.0,,,,,,,,,,,,11.8,,0.6799999999999997,,,runs/107_bitwidth_scan
yolov8s-world,head 제외,W8A3,naive,1,0,,0.0,0.03,0.0,0.12,0.0,99.97,2139.0,0.0,95.12,98.71,3029.0,,,,,,,,,,,,0.019999999999999997,,0.4000000000000057,,,runs/107_bitwidth_scan
yolov8s-world,head 제외,W8A3,brecq,1,0,,0.0,0.01,0.0,0.0,0.01,99.57,2136.0,0.0,97.36,96.57,2973.0,,,,,,,,,,,,,,,,,runs/107_bitwidth_scan
yolov8s-world,head 제외,W8A3,qdrop,1,0,,0.0,0.06999999999999999,0.0,0.0,0.09,99.92,2139.0,0.0,96.52,97.55,2976.0,,,,,,,,,,,,0.05999999999999999,,0.3500000000000085,,,runs/107_bitwidth_scan
yolov8s-world,head 제외,W8A5,naive,1,0,,23.41,23.200000000000003,6.68,23.41,23.630000000000003,46.07,871.0,19.87,51.64,15.44,548.0,,,,,,,,,,,,7.390000000000004,,-17.32,,,runs/107_bitwidth_scan
yolov8s-world,head 제외,W8A5,brecq,1,0,,14.36,15.809999999999999,1.25,15.39,16.34,63.39,1279.0,10.95,62.53,27.28,954.0,,,,,,,,,,,,,,,,,runs/107_bitwidth_scan
yolov8s-world,head 제외,W8A5,qdrop,1,0,,17.82,18.26,2.59,16.09,19.3,54.41,996.0,14.61,54.23,24.34,782.0,,,,,,,,,,,,2.450000000000003,,-8.980000000000004,,,runs/107_bitwidth_scan
yolov8s-world,head 제외,W8A4,naive,1,0,,0.02,0.19,0.0,0.0,0.25,99.41,2134.0,0.01,95.15,89.54,2737.0,,,,,,,,,,,,0.07,,0.6899999999999977,,,runs/107_bitwidth_scan
yolov8s-world,head 제외,W8A4,brecq,1,0,,0.01,0.12,0.0,0.0,0.15,98.72,2120.0,0.02,93.88,78.16,2433.0,,,,,,,,,,,,,,,,,runs/107_bitwidth_scan
yolov8s-world,head 제외,W8A4,qdrop,1,0,,0.03,0.49,0.0,0.8999999999999999,0.4,97.82,2110.0,0.01,94.56,74.52,2341.0,,,,,,,,,,,,0.37,,-0.9000000000000057,,,runs/107_bitwidth_scan
yolov8s-world,head 제외 · 첫·마지막 미고정,W4A4,naive,1,0,,0.0,0.01,0.0,0.0,0.02,99.84,2136.0,0.0,94.89,88.79,2742.0,,,,,,,,,,,,-1.49,,4.25,,,runs/107_bitwidth_scan
yolov8s-world,head 제외 · 첫·마지막 미고정,W4A4,brecq,1,0,,0.73,1.5,0.0,0.9199999999999999,1.7000000000000002,95.59,2038.0,0.34,88.93,71.8,2256.0,,,,,,,,,,,,,,,,,runs/107_bitwidth_scan
yolov8s-world,head 제외 · 첫·마지막 미고정,W4A4,qdrop,1,0,,0.04,0.43,0.0,0.0,0.5599999999999999,98.37,2045.0,0.06,94.08,93.69,2860.0,,,,,,,,,,,,-1.07,,2.780000000000001,,,runs/107_bitwidth_scan
yolov8m-world,"conv만 (09-30) · calib 64, iter 50",W4A8,naive,1,0,13.61,6.04,14.14,-100.0,0.0,14.77,78.48,130.0,3.7,79.93,51.03,106.0,,,,,,,,,,,,-10.579999999999998,,15.500000000000007,,,runs/150_generalize
yolov8m-world,"conv만 (09-30) · calib 64, iter 50",W4A8,brecq,1,0,13.61,16.47,24.72,-100.0,0.0,25.8,62.98,136.0,13.02,72.24,27.45,67.0,,,,,,,,,,,,,,,,,runs/150_generalize
yolov8m-world,"conv만 (09-30) · calib 64, iter 50",W4A8,brecq+PM,1,0,13.81,19.72,28.410000000000004,-100.0,16.16,28.95,56.64,84.0,14.71,78.93,28.51,53.0,,,,,,,,,,,,3.690000000000005,,-6.339999999999996,,,runs/150_generalize
yolov8m-world,"conv만 (09-30) · calib 64, iter 50",W4A8,brecq+G,1,0,13.61,21.24,27.41,-100.0,10.0,28.17,38.13,72.0,16.66,57.19,14.4,41.0,,,,,,,,,,,,2.6900000000000013,,-24.849999999999994,,,runs/150_generalize
yolov8m-world,"conv만 (09-30) · calib 64, iter 50",W4A8,brecq+GPM,1,0,13.63,19.31,27.49,-100.0,16.73,27.97,55.68,83.0,13.59,79.93,30.04,57.0,,,,,,,,,,,,2.7699999999999996,,-7.299999999999997,,,runs/150_generalize
yolov8s-worldv2,"conv만 (09-30) · calib 64, iter 50",W4A8,naive,1,0,6.03,0.37,1.9800000000000002,-100.0,0.0,2.07,89.82,108.0,0.11,86.56,62.05,126.0,,,,,,,,,,,,-3.3099999999999996,,0.7399999999999949,,,runs/150_generalize
yolov8s-worldv2,"conv만 (09-30) · calib 64, iter 50",W4A8,brecq,1,0,6.03,2.75,5.29,-100.0,0.0,5.52,89.08,105.0,2.47,75.89,54.66,106.0,,,,,,,,,,,,,,,,,runs/150_generalize
yolov8s-worldv2,"conv만 (09-30) · calib 64, iter 50",W4A8,brecq+PM,1,0,6.11,24.57,34.37,-100.0,11.19,35.39,41.1,72.0,21.31,50.99,9.16,23.0,,,,,,,,,,,,29.08,,-47.98,,,runs/150_generalize
yolov8s-worldv2,"conv만 (09-30) · calib 64, iter 50",W4A8,brecq+G,1,0,6.03,14.57,26.05,-100.0,10.0,26.76,60.73,93.0,12.04,54.15,20.86,55.0,,,,,,,,,,,,20.76,,-28.35,,,runs/150_generalize
yolov8s-worldv2,"conv만 (09-30) · calib 64, iter 50",W4A8,brecq+GPM,1,0,6.03,21.91,32.5,-100.0,2.5,33.82,40.92,77.0,19.25,49.01,13.7,34.0,,,,,,,,,,,,27.21,,-48.16,,,runs/150_generalize
yolov8s-world,확정 (attn8+A16),W8A8,naive,6,0 1 2 3 4 5,12.08,36.54833333333333,25.356666666666666,17.738333333333333,24.078333333333333,27.855,5.566666666666666,1156.1666666666667,37.33,6.915,0.7266666666666667,328.8333333333333,0.03188521078284747,0.10405126941400895,0.23335952233981594,0.2410325012662537,0.05319774431308058,0.5051204476822007,82.68111432888811,4.020009950236441,0.8889938132518135,0.059217114643206524,18.573278296161575,-0.10166666666666835,0.10916242496848548,1.731666666666667,0.5429789957493755,,runs/158_final
yolov8s-world,확정 (attn8+A16),W8A8,brecq,6,0 1 2 3 4 5,12.08,36.75,25.458333333333336,17.901666666666667,24.005000000000003,28.10666666666667,3.835,820.5,37.495,5.083333333333333,0.42333333333333334,213.16666666666666,0.04732863826479832,0.04956477243634605,0.15419684389333901,0.1085817664251235,0.036696957185393966,0.037815340802378174,16.046806535881213,4.020948892985336,0.4942738781957494,0.021602468994692876,11.634718160173312,,,,,,runs/158_final
yolov8s-world,확정 (attn8+A16),W8A8,qdrop,6,0 1 2 3 4 5,12.08,36.791666666666664,25.41,17.768333333333334,23.97833333333333,28.058333333333334,3.9633333333333334,842.3333333333334,37.571666666666665,5.298333333333333,0.43833333333333335,225.16666666666666,0.034302575219167214,0.04049691346263547,0.23387318500988238,0.1284393501488808,0.047081489639418814,0.0403319558993446,21.472462985569837,3.9836486625537977,0.6280578529615456,0.014719601443879758,6.6156380392723015,-0.04833333333333497,0.08141500000000239,0.1283333333333335,0.04060588633437294,,runs/158_final
yolov8s-world,확정 (attn8+A16),W8A8,adaround(mse),6,0 1 2 3 4 5,12.08,36.72833333333333,25.288333333333334,17.671666666666667,23.93,27.868333333333336,4.863333333333333,1037.0,37.47833333333334,6.066666666666666,0.5466666666666666,268.0,0.05636192568273814,0.07782458908768254,0.21609411529855826,0.1748141870672969,0.03430257521916763,0.2526394004637175,51.50922247520341,4.004319750802459,0.6451873113032113,0.04273952113286561,20.019990009987517,-0.16999999999999993,0.09434787692364972,1.0283333333333333,0.2723656021692167,,runs/158_final
yolov8s-world,확정 (attn8+A16),W8A8,brecq+M,6,0 1 2 3 4 5,12.08,36.785,25.663333333333334,18.064999999999998,24.255,28.28,3.4683333333333333,728.6666666666666,37.51,4.815,0.34833333333333333,181.66666666666666,0.012247448713913454,0.09584710046040298,0.2899482712485095,0.20442602574036406,0.08074651695274544,0.12921558213569548,27.222539680688623,3.94911635685757,0.5805428494090682,0.007527726527090792,13.721030087667131,0.2049999999999977,0.11645428624571902,-0.36666666666666664,0.13728059345734198,,runs/158_final
yolov8s-world,확정 (attn8+A16),W8A8,qdrop+M,6,0 1 2 3 4 5,12.08,36.778333333333336,25.64333333333333,17.948333333333334,24.276666666666667,28.238333333333333,3.4733333333333336,731.5,37.528333333333336,5.0216666666666665,0.37,186.16666666666666,0.040207793606049466,0.15253414918196734,0.34741425800716064,0.3303129828914789,0.031885210782849366,0.12675435561221032,17.096783323186852,4.001396839438282,0.715804908244325,0.02190890230020665,8.542052836799048,0.18499999999999814,0.14675734027638762,-0.3616666666666665,0.1303231872116394,,runs/158_final
yolov8s-world,확정 (attn8+A16),W8A8,brecq+GPM,6,0 1 2 3 4 5,12.08,36.77666666666667,25.773333333333333,18.10333333333333,24.275000000000002,28.483333333333334,2.9066666666666667,581.0,37.553333333333335,4.816666666666666,0.325,177.16666666666666,0.0242212028327802,0.09287985070329613,0.3235840952004068,0.159342398626355,0.03881580434135961,0.020655911179772807,10.373041983911952,3.9547979299411335,0.641550205881556,0.008366600265340763,7.386925386564201,0.3149999999999989,0.11944317404104804,-0.9283333333333331,0.0389440263069961,,runs/159_gpm_all
yolov8s-world,확정 (attn8+A16),W8A8,qdrop+GPM,6,0 1 2 3 4 5,12.08,36.73833333333333,25.861666666666665,17.986666666666665,24.53333333333333,28.458333333333332,2.895,601.1666666666666,37.49666666666667,4.788333333333333,0.34500000000000003,187.66666666666666,0.038686776379877275,0.09042492281813988,0.2012626807599127,0.1828296110225762,0.033115957885384316,0.061562975886485516,24.432901314961896,3.996266591040526,0.6556040471707498,0.01643167672515497,10.557777543908882,0.40333333333333127,0.11356462671096285,-0.94,0.04923090188083085,,runs/159_gpm_all
yolov8s-world,확정 (attn8+A16),W4A6,naive,6,0 1 2 3 4 5,6.14,0.45666666666666667,0.545,0.18833333333333332,0.23666666666666666,0.8816666666666666,92.24333333333334,19594.333333333332,0.35833333333333334,91.38833333333334,72.33,23110.833333333332,0.042268979957726285,0.027386127875258317,0.06013872850889571,0.04131182235954577,0.03250640962435973,0.2927570095944163,44.486702132959536,0.237942570101835,3.207942746787522,1.9789290032742497,475.47004812781495,-20.971666666666668,0.15700885543497328,71.63,0.4357067563396283,,runs/158_final
yolov8s-world,확정 (attn8+A16),W4A6,brecq,6,0 1 2 3 4 5,6.14,32.41833333333334,21.516666666666666,15.008333333333333,19.85,24.165,20.613333333333333,4488.333333333333,32.98833333333334,27.99,5.22,2142.0,0.07521081482517313,0.15331883989473344,0.6572493184984419,0.2258317958127241,0.10894952959971942,0.1832666545410446,46.48297179254642,3.8998944430159472,1.2082383870743383,0.09295160030897792,38.20471175130104,,,,,,runs/158_final
yolov8s-world,확정 (attn8+A16),W4A6,qdrop,6,0 1 2 3 4 5,6.14,30.215,19.95,15.675,18.273333333333333,22.205,29.183333333333334,6244.333333333333,30.773333333333333,36.31833333333333,8.788333333333334,3171.1666666666665,0.15122830422906997,0.31125552203936796,0.6774880072739285,0.5058721841203239,0.1116691542011502,0.5230551277510495,172.3956689324493,3.8029760276218756,1.6995930885558066,0.22355461674200963,48.733629730060805,-1.566666666666667,0.3902879995593002,8.57,0.5793979193266068,,runs/158_final
yolov8s-world,확정 (attn8+A16),W4A6,brecq+PM,6,0 1 2 3 4 5,6.22,34.15166666666667,22.736666666666665,16.835,21.151666666666667,25.2,16.058333333333334,3350.6666666666665,34.875,23.096666666666668,3.2783333333333333,1367.5,0.1137394683769301,0.09330952077181989,0.48417971869957493,0.1525013661140991,0.1216552506059649,0.2847747647995983,92.57141387419048,3.8372946199112725,2.2949829338508527,0.08495096624916429,44.15314258351267,1.2199999999999995,0.17762862674693064,-4.555,0.4278868062525408,,runs/158_final
yolov8s-world,확정 (attn8+A16),W4A6,brecq+GPM,6,0 1 2 3 4 5,6.16,34.11,23.175,17.30666666666667,21.28,25.913333333333334,14.773333333333333,3095.8333333333335,34.71666666666667,23.313333333333333,3.328333333333333,1382.1666666666667,0.05403702434442469,0.11077003204838468,0.6503742512328318,0.20218803129760216,0.050464508980734554,0.13125039682479658,28.72919537102748,3.9313644789902993,1.986440703033107,0.06968978882638874,25.087181321676347,1.6583333333333332,0.25636335300701724,-5.839999999999999,0.2810123778056758,,runs/158_final
yolov8s-world,확정 (attn8+A16),W4A6,qdrop+PM,6,0 1 2 3 4 5,6.22,34.07833333333333,22.671666666666667,16.996666666666666,21.196666666666665,25.001666666666665,16.686666666666667,3531.8333333333335,34.85166666666667,23.703333333333333,3.658333333333333,1497.6666666666667,0.1483801424270343,0.19456789731779234,0.9090141179688392,0.3597591787107968,0.14414113454065378,1.022969533596513,166.84174137986773,3.6809695280817882,1.9824597515880782,0.1756606577087388,65.18793344374913,1.155,0.34267678410566593,-3.9266666666666654,1.2148560678121498,,runs/158_final
yolov8s-world,확정 (attn8+A16),W4A6,qdrop+GPM,6,0 1 2 3 4 5,6.16,34.156666666666666,22.986666666666668,16.288333333333334,21.165,25.805,15.428333333333333,3114.3333333333335,34.80833333333334,23.865,3.59,1485.3333333333333,0.10819735055289809,0.20617144968852066,0.4783896598659583,0.33578266780761634,0.16706286242010795,0.31808279844510096,55.7231250619226,3.9412963180490084,1.8080680296935736,0.10658330075579388,56.56736397134541,1.47,0.18752444672628601,-5.185,0.25214594520832634,,runs/159_gpm_all
yolov8s-world,conv만 (09-30),W8A4,naive,1,0,,0.0,0.04,0.0,0.0,0.05,99.27,2136.0,0.0,94.39,83.93,2591.0,,,,,,,,,,,,0.02,,0.06999999999999318,,,runs/123_lowbit_vm
yolov8s-world,conv만 (09-30),W8A4,qdrop,1,0,,0.02,0.04,0.0,0.0,0.05,98.25,2124.0,0.0,94.79,69.98,2216.0,,,,,,,,,,,,0.02,,-0.9500000000000028,,,runs/123_lowbit_vm
yolov8s-world,conv만 (09-30),W8A4,brecq,1,0,,0.0,0.02,0.0,0.0,0.02,99.2,2125.0,0.0,90.22,75.26,2358.0,,,,,,,,,,,,,,,,,runs/123_lowbit_vm
yolov8s-world,conv만 (09-30),W4A4,naive,1,0,,0.0,0.0,0.0,0.0,0.0,99.82,2140.0,0.0,84.76,91.99,2818.0,,,,,,,,,,,,-0.12,,0.9499999999999886,,,runs/123_lowbit_vm
yolov8s-world,conv만 (09-30),W4A4,qdrop,1,0,,0.03,0.24,0.0,0.0,0.32,97.82,2084.0,0.01,89.71,75.81,2366.0,,,,,,,,,,,,0.12,,-1.0500000000000114,,,runs/123_lowbit_vm
yolov8s-world,conv만 (09-30),W4A4,brecq,1,0,,0.05,0.12,0.0,0.0,0.15,98.87,2118.0,0.04,92.18,74.27,2318.0,,,,,,,,,,,,,,,,,runs/123_lowbit_vm
yolov8s-world,"conv만 (09-30) · calib 8, iter 30",W8A8,naive,1,0,,36.1,42.699999999999996,-100.0,27.27,44.0,6.02,30.0,33.51,10.08,0.52,3.0,,,,,,,,,,,,-1.4300000000000068,,2.5299999999999994,,,runs/115_headquant
yolov8s-world,"conv만 (09-30) · calib 8, iter 30",W8A8,brecq,1,0,,36.09,44.13,-100.0,27.08,45.57,3.49,22.0,33.28,9.15,0.28,4.0,,,,,,,,,,,,,,,,,runs/115_headquant
yolov8s-world,"conv만 (09-30) · calib 8, iter 30",W8A8,combined(s1=brecq),1,0,,36.5,44.629999999999995,-100.0,27.08,46.11,2.95,9.0,33.58,7.96,0.39,3.0,,,,,,,,,,,,0.4999999999999929,,-0.54,,,runs/115_headquant
yolov8s-world,"head 제외 · 첫·마지막 미고정, calib 8, 비결정적",W4A8,combined(s1=adaround),1,0,,4.47,18.92,-100.0,-100.0,18.92,71.74,93.0,2.77,75.29,44.31,51.0,,,,,,,,,,,,,,,,,runs/73_review_fixes
yolov8s-world,"head 제외 · calib 32, iter 50, 비결정적",W8A8,naive,1,0,,35.73,40.52,45.0,40.88,40.45,5.21,37.0,33.25,5.82,0.77,14.0,,,,,,,,,,,,-1.3299999999999983,,0.03000000000000025,,,runs/73_review_fixes
yolov8s-world,"head 제외 · calib 32, iter 50, 비결정적",W8A8,adaround(minmax),1,0,,35.85,40.550000000000004,40.0,40.37,40.57,5.27,48.0,33.44,6.09,0.78,17.0,,,,,,,,,,,,-1.2999999999999972,,0.08999999999999986,,,runs/73_review_fixes
yolov8s-world,"head 제외 · calib 32, iter 50, 비결정적",W8A8,qdrop,1,0,,36.38,41.46,90.0,43.53,41.0,5.15,35.0,33.58,6.56,0.57,10.0,,,,,,,,,,,,-0.39000000000000057,,-0.02999999999999936,,,runs/73_review_fixes
yolov8s-world,"head 제외 · calib 32, iter 50, 비결정적",W8A8,brecq,1,0,,36.42,41.85,90.0,45.67,41.160000000000004,5.18,28.0,33.85,6.14,0.52,14.0,,,,,,,,,,,,,,,,,runs/73_review_fixes
yolov8s-world,"head 제외 · calib 32, iter 50, 비결정적",W8A8,combined(s1=brecq),1,0,,36.2,41.13,90.0,45.09,40.42,4.26,35.0,33.35,6.51,0.36,16.0,,,,,,,,,,,,-0.7199999999999989,,-0.9199999999999999,,,runs/76_brecq_margin_diag
yolov8s-world,"head 제외 · calib 32, 비결정적",W8A32,naive,1,0,,36.74,41.91,90.0,44.28,41.410000000000004,1.97,10.0,33.96,2.91,0.2,5.0,,,,,,,,,,,,,,,,,runs/73_review_fixes
yolov8s-world,"head 제외 · calib 32, 비결정적",W8A32,adaround(minmax),1,0,,36.79,41.730000000000004,90.0,44.06,41.23,1.97,9.0,34.05,2.49,0.2,5.0,,,,,,,,,,,,,,,,,runs/73_review_fixes
yolov8s-world,"head 제외 · calib 32, 비결정적",W8A32,combined(s1=none),1,0,,36.71,41.78,80.0,44.62,41.260000000000005,2.04,13.0,33.87,2.91,0.17,5.0,,,,,,,,,,,,,,,,,runs/73_review_fixes
yolov8s-world,"head 제외 · calib 32, 비결정적",W32A8,naive,1,0,,35.79,40.949999999999996,40.0,41.36,40.9,4.75,34.0,33.25,5.88,0.8,10.0,,,,,,,,,,,,,,,,,runs/73_review_fixes
yolov8s-world,"head 제외 · calib 32, 비결정적",W32A8,adaround(minmax),1,0,,35.79,40.81,40.0,41.28,40.760000000000005,4.78,35.0,33.25,5.66,0.8,10.0,,,,,,,,,,,,,,,,,runs/73_review_fixes
yolov8s-world,"head 제외 · calib 32, 비결정적",W32A8,combined(s1=none),1,0,,36.22,41.4,80.0,42.07,41.160000000000004,3.58,25.0,33.49,5.77,0.41,6.0,,,,,,,,,,,,,,,,,runs/73_review_fixes
yolov8s-world,"head 제외 · calib 8, iter 20, 비결정적",W8A8,naive,1,0,,36.6,50.5,-100.0,-100.0,50.5,3.69,3.0,33.75,6.32,0.46,1.0,,,,,,,,,,,,-0.5,,0.45999999999999996,,,runs/92_env_recheck
yolov8s-world,"head 제외 · calib 8, iter 20, 비결정적",W8A8,adaround(minmax),1,0,,36.64,51.519999999999996,-100.0,-100.0,51.519999999999996,1.38,0.0,33.7,4.6,0.92,2.0,,,,,,,,,,,,0.519999999999996,,-1.85,,,runs/92_env_recheck
yolov8s-world,"head 제외 · calib 8, iter 20, 비결정적",W8A8,qdrop,1,0,,36.64,50.42,-100.0,-100.0,50.42,3.69,3.0,33.77,6.32,0.0,0.0,,,,,,,,,,,,-0.5799999999999983,,0.45999999999999996,,,runs/92_env_recheck
yolov8s-world,"head 제외 · calib 8, iter 20, 비결정적",W8A8,brecq,1,0,,36.74,51.0,-100.0,-100.0,51.0,3.23,5.0,33.9,6.32,0.15,0.0,,,,,,,,,,,,,,,,,runs/92_env_recheck
yolov8s-world,"head 제외 · calib 8, iter 20, 비결정적",W8A8,combined(s1=none),1,0,,36.63,51.25999999999999,-100.0,-100.0,51.25999999999999,1.92,1.0,33.79,8.05,0.46,1.0,,,,,,,,,,,,0.2599999999999909,,-1.31,,,runs/92_env_recheck
yolov8s-world,"head 제외 · 첫·마지막 미고정, calib 8, iter 20",W4A8,naive,1,0,,1.21,8.23,-100.0,6.67,8.309999999999999,86.0,198.0,0.83,91.03,57.48,179.0,,,,,,,,,,,,-1.6999999999999993,,3.549999999999997,,,runs/118_alphabias_smoke
yolov8s-world,"head 제외 · 첫·마지막 미고정, calib 8, iter 20",W4A8,brecq,1,0,,2.36,9.93,-100.0,13.33,9.76,82.45,203.0,1.48,86.81,48.65,155.0,,,,,,,,,,,,,,,,,runs/118_alphabias_smoke
yolov8s-world,"head 제외 · 첫·마지막 미고정, calib 8, iter 20",W4A8,combined(s1=brecq),1,0,,2.15,12.04,-100.0,15.0,11.89,82.7,198.0,1.31,86.28,51.7,161.0,,,,,,,,,,,,2.1099999999999994,,0.25,,,runs/118_alphabias_smoke
yolov8s-world,head 제외 · 비결정적,W8A32,naive,1,0,,36.75,25.88,17.65,24.66,28.449999999999996,2.01,380.0,33.97,3.86,0.33,143.0,,,,,,,,,,,,,,,,,runs/82_bitwidth_confirmed
yolov8s-world,head 제외 · 비결정적,W32A8,naive,1,0,,33.51,23.24,16.23,20.89,26.590000000000003,5.92,1182.0,30.65,9.71,0.81,380.0,,,,,,,,,,,,,,,,,runs/82_bitwidth_confirmed
yolov8s-world,"head 제외 · calib 8, 비결정적",W8A8,combined(s1=none),1,0,,36.14,51.67,-100.0,-100.0,51.67,2.46,3.0,33.19,4.6,0.46,2.0,,,,,,,,,,,,,,,,,runs/80_neighbor_aux_sweep
yolov8s-world,"head 제외 · calib 8, 비결정적",W8A8,naive,1,0,,36.6,50.5,-100.0,-100.0,50.5,3.69,3.0,33.75,6.32,0.46,1.0,,,,,,,,,,,,,,,,,runs/96_clipfix_verify
yolov8s-world,"head 제외 · calib 8, 비결정적",W8A8,adaround(minmax),1,0,,36.64,51.519999999999996,-100.0,-100.0,51.519999999999996,1.38,0.0,33.7,4.6,0.92,2.0,,,,,,,,,,,,,,,,,runs/96_clipfix_verify
yolov8s-world,conv만 (09-30),W4A6,brecq+G,6,0 1 2 3 4 5,6.14,32.915,22.365000000000002,15.348333333333333,20.533333333333335,25.253333333333334,17.366666666666667,3827.5,33.48166666666667,25.675,4.4399999999999995,1819.8333333333333,0.10502380682492846,0.14909728367746994,0.5003765248956697,0.2398888631568103,0.12242004193213978,0.2392209578332691,80.6938659378766,3.84588828057533,2.0358855567049927,0.1509966887054152,51.68526546963522,0.8950000000000008,0.19734274302593485,-3.941666666666666,0.4255460229928133,,runs/147_main
yolov8s-world,conv만 (09-30),W4A6,brecq+GM,6,0 1 2 3 4 5,6.14,33.53,22.683333333333334,16.125,20.85666666666667,25.488333333333333,16.47,3549.1666666666665,34.276666666666664,24.868333333333332,4.140000000000001,1659.5,0.053291650377896176,0.17477604717657003,0.42524110807869964,0.3558464088151884,0.12448560827126486,0.161864140562386,47.12288898896869,4.051600506795638,1.9035904671611137,0.10198039027185567,39.2364626336269,1.2133333333333336,0.27002980709543833,-4.838333333333332,0.34852094322292926,,runs/147_main
yolov8s-world,conv만 (09-30),W4A6,brecq+GPM,6,0 1 2 3 4 5,6.16,34.123333333333335,23.056666666666665,16.808333333333334,21.23,25.80666666666667,14.66,3100.0,34.763333333333335,22.961666666666666,3.3266666666666667,1365.0,0.0720185161376336,0.15552063100009186,0.5810823234849498,0.19235384061671373,0.17037214169771756,0.17401149387324957,44.93550934394758,3.915827711565801,2.1053875336067382,0.052788887719544465,14.683323874382122,1.5866666666666667,0.15520930126767526,-6.6483333333333325,0.3035099105877757,,runs/147_main
yolov8s-world,conv만 (09-30),W4A6,adaround(minmax),2,0 1,6.14,1.4649999999999999,1.725,0.065,1.305,2.4,89.6,18834.0,1.8,82.405,76.705,23970.5,0.3323401871576773,0.24748737341529153,0.09192388155425119,0.19091883092036785,0.3252691193458118,1.8101933598375632,377.59502115361636,0.31112698372208086,3.203193718775061,2.4960869375885135,854.8920984545359,-19.725,1.207070000000008,68.05,15.882499999999999,,runs/147_main
yolov8s-world,conv만 (09-30),W4A6,qdrop,6,0 1 2 3 4 5,6.14,29.905,19.625,14.531666666666666,17.918333333333333,22.053333333333335,30.236666666666668,6507.666666666667,30.356666666666666,37.655,9.23,3348.8333333333335,0.20245987256738118,0.07422937423958233,0.778316559419537,0.17010780895263672,0.12940891262454346,0.605926288146229,130.90556392555158,3.7777488887784316,2.107327691651204,0.32372828112477287,116.2194762794372,-1.8449999999999995,0.08416507948668447,8.928333333333335,0.35996550504874786,,runs/147_main
yolov8s-world,conv만 (09-30),W4A6,qdrop+PM,6,0 1 2 3 4 5,6.22,34.108333333333334,22.711666666666666,16.855,21.35,24.970000000000002,16.656666666666666,3552.0,34.59166666666667,24.246666666666666,3.66,1475.0,0.16497474554205852,0.32233005858384817,0.3703376837428245,0.5029115230336233,0.195754948851875,0.8637746619730561,122.47122110928755,4.054061749241947,2.3020831146304577,0.1700588133558506,75.95788306686805,1.2416666666666671,0.33557323034622444,-4.6516666666666655,0.9074917828526051,,runs/147_main
yolov8s-world,conv만 (09-30),W4A6,combined(s1=brecq),3,0 1 2,6.14,23.553333333333335,16.53666666666667,12.209999999999999,14.716666666666667,18.926666666666666,38.473333333333336,7816.666666666667,21.833333333333332,47.43666666666667,11.36,4529.666666666667,1.2617580327992095,0.22744962812309166,0.66302337817003,0.4398105652816144,0.4006661120351129,2.105096989056166,393.6766862964244,1.331778259821556,4.696342548551302,0.6750555532695073,226.2749065480601,-4.899999999999999,0.6044655746469989,17.083333333333336,4.693054499652772,,runs/147_main
yolov8s-world,conv만 (09-30),W4A6,naive,6,0 1 2 3 4 5,6.14,0.3466666666666667,0.4633333333333333,0.19499999999999998,0.17166666666666666,0.77,92.53833333333333,19624.333333333332,0.22833333333333333,92.23,72.67166666666667,23308.166666666668,0.08524474568362947,0.04273952113286563,0.14666287873896378,0.023166067138525405,0.08625543461139133,0.2502332245459552,33.47038491960716,0.14005951116102994,3.0498524554476396,1.4162544498311986,416.7327280963983,-21.006666666666668,0.12324124845196874,71.23,0.1946729780940262,,runs/147_main
yolov8s-world,conv만 (09-30),W4A6,brecq,6,0 1 2 3 4 5,6.14,32.11333333333334,21.47,14.966666666666667,19.798333333333332,24.121666666666666,21.308333333333334,4642.333333333333,32.755,28.963333333333335,5.488333333333333,2247.3333333333335,0.11604596790352795,0.11366617790706178,0.5444507936137726,0.22798391756145264,0.12765839833973627,0.29728213311039503,79.45229176472297,3.808195110547777,1.6720964884439729,0.14985548594117826,66.7013243246839,,,,,,runs/147_main
yolov8s-world,conv만 (09-30),W4A6,brecq+M,6,0 1 2 3 4 5,6.14,31.901666666666667,20.671666666666667,16.9,18.69333333333333,23.108333333333334,24.435,5292.333333333333,32.638333333333335,31.355,6.128333333333334,2423.0,0.15393721663933835,0.24061726178033507,0.5106074813396299,0.27038244518952564,0.22868464457996818,0.7660483013492024,131.05367856976264,3.877841753690663,2.2269598110428483,0.28992527772973975,82.51302927416978,-0.7983333333333332,0.3342574668201134,3.126666666666667,0.9189102324492844,,runs/147_main
yolov8s-world,conv만 (09-30),W4A6,brecq+P,6,0 1 2 3 4 5,6.22,33.483333333333334,22.125,15.535,20.37333333333333,24.865,17.801666666666666,3737.1666666666665,34.138333333333335,24.831666666666667,4.008333333333333,1696.8333333333333,0.1264383907943576,0.13427583550289293,0.636451097885769,0.23517369467409963,0.09914635646356416,0.21169947252335541,65.3679330151005,3.841330064790926,1.8595420583215274,0.07167054253085207,50.68892055140518,0.6550000000000006,0.16737848459404667,-3.506666666666666,0.2093607325168683,,runs/147_main
yolov8s-world,conv만 (09-30),W4A6,brecq+PM,6,0 1 2 3 4 5,6.22,34.20333333333333,22.876666666666665,17.105,21.428333333333335,25.198333333333334,16.03333333333333,3356.5,34.806666666666665,23.15,3.3333333333333335,1364.1666666666667,0.12706953477000782,0.10424330514074584,0.8203109166651388,0.2624055385594333,0.08658329323066116,0.26181418347115315,51.77933950911309,4.12884810409231,1.85236065602787,0.12274635093014645,58.293796125030894,1.406666666666667,0.12034672525664997,-5.2749999999999995,0.397009354606412,,runs/147_main
yolov8s-world,conv만 (09-30),W4A6,adaround(mse),1,2,6.14,1.31,1.58,0.06999999999999999,1.1199999999999999,2.27,91.1,19085.0,0.9,92.18,80.28,24755.0,,,,,,,,,,,,-19.83,,70.03,,,runs/147_main
yolov8s-world,conv만 (09-30) · iter 50,W4A8,brecq,1,0,6.14,7.72,19.72,-100.0,10.0,20.200000000000003,69.57,162.0,5.55,65.44,34.35,108.0,,,,,,,,,,,,,,,,,runs/146_rng_verify
yolov8s-world,conv만 (09-30) · iter 50,W4A8,naive,1,0,6.14,1.56,8.76,-100.0,11.67,8.61,82.33,204.0,1.07,87.6,55.2,172.0,,,,,,,,,,,,-10.959999999999999,,12.760000000000005,,,runs/146_rng_verify
yolov8s-world,conv만 (09-30) · iter 50,W4A8,brecq+M,1,0,6.14,18.24,28.16,-100.0,8.73,29.13,55.5,140.0,14.94,56.73,20.33,76.0,,,,,,,,,,,,8.440000000000001,,-14.069999999999993,,,runs/146_rng_verify
yolov8s-world,conv만 (09-30) · iter 50,W4A8,brecq+P,1,0,6.22,29.26,38.73,-100.0,15.479999999999999,39.89,25.56,73.0,26.24,36.94,6.66,27.0,,,,,,,,,,,,19.009999999999998,,-44.00999999999999,,,runs/146_rng_verify
yolov8s-world,conv만 (09-30) · iter 50,W4A8,brecq+PM,1,0,6.22,29.77,38.06,-100.0,13.65,39.269999999999996,25.78,70.0,26.71,37.73,6.97,23.0,,,,,,,,,,,,18.340000000000003,,-43.78999999999999,,,runs/146_rng_verify
yolov8s-world,conv만 (09-30) · iter 50,W4A8,brecq+R,1,0,6.24,7.27,19.89,-100.0,13.33,20.22,69.44,164.0,4.89,68.34,34.74,112.0,,,,,,,,,,,,0.1700000000000017,,-0.12999999999999545,,,runs/146_rng_verify
yolov8s-world,conv만 (09-30) · iter 50,W4A8,brecq+H,1,0,6.23,28.48,38.11,-100.0,20.73,38.98,26.12,69.0,25.9,35.09,7.23,28.0,,,,,,,,,,,,18.39,,-43.44999999999999,,,runs/146_rng_verify
yolov8s-world,conv만 (09-30) · iter 50,W4A8,qdrop,1,0,6.14,10.85,20.630000000000003,-100.0,10.0,21.16,66.91,165.0,8.35,66.23,31.29,104.0,,,,,,,,,,,,0.9100000000000037,,-2.6599999999999966,,,runs/146_rng_verify
yolov8s-world,"conv만 (09-30) · calib 64, iter 50",W4A8,brecq,1,0,6.14,7.74,19.99,-100.0,15.0,20.21,67.55,123.0,5.12,66.02,34.92,70.0,,,,,,,,,,,,,,,,,runs/149_fusion
yolov8s-world,"conv만 (09-30) · calib 64, iter 50",W4A8,brecq+G,1,0,6.14,23.16,35.04,-100.0,17.28,35.82,34.44,80.0,20.18,44.53,14.54,32.0,,,,,,,,,,,,15.05,,-33.11,,,runs/149_fusion
yolov8s-world,"conv만 (09-30) · calib 64, iter 50",W4A8,brecq+GPM,1,0,6.16,29.67,40.06,-100.0,21.41,40.88,22.15,41.0,26.62,37.5,9.46,18.0,,,,,,,,,,,,20.070000000000004,,-45.4,,,runs/149_fusion
yolov8s-world,"conv만 (09-30) · calib 64, iter 50",W4A8,brecq+PM,1,0,6.22,29.64,39.07,-100.0,22.400000000000002,39.800000000000004,24.0,48.0,26.37,32.03,7.62,15.0,,,,,,,,,,,,19.080000000000002,,-43.55,,,runs/149_fusion
yolov8s-world,conv만 (09-30) · 비결정적,W4A8,naive,1,0,,24.0,35.18,-100.0,-100.0,35.18,26.59,31.0,20.66,43.06,12.42,13.0,,,,,,,,,,,,,,,,,runs/145_protect_verify
